"","State","Year","Political_Party","New_Policies","Total_Energy","NonRenewable_Energy","NonRenewable_Percent","Renewable_Energy","Renewable_Percent"
"1","AK",2000,"Democrat",2,735260,729686,99,5574,1
"2","AK",2001,"Democrat",0,726418,718299,99,8119,1
"3","AK",2002,"Republican (2nd Gov. mid-year)",0,723166,714640,99,8526,1
"4","AK",2003,"Republican",0,722838,713864,99,8974,1
"5","AK",2004,"Republican",0,765107,756143,99,8964,1
"6","AK",2005,"Republican",1,788012,781792,99,6220,1
"7","AK",2006,"Republican",3,738306,732976,99,5330,1
"8","AK",2007,"Republican",0,714615,708941,99,5674,1
"9","AK",2008,"Republican",1,642737,637374,99,5363,1
"10","AK",2009,"Republican",1,631141,623903,99,7238,1
"11","AK",2010,"Republican",2,629323,621530,99,7793,1
"12","AK",2011,"Republican",1,631768,624245,99,7523,1
"13","AK",2012,"Republican",0,620717,612763,99,7954,1
"14","AK",2013,"Republican",0,587689,578749,98,8940,2
"15","AK",2014,"Independent (2nd Gov. mid-year)",1,585727,574204,98,11523,2
"16","AK",2015,"Independent",0,603471,589945,98,13526,2
"17","AK",2016,"Independent",0,582349,567978,98,14371,2
"18","AK",2017,"Independent",0,590557,577421,98,13136,2
"19","AK",2018,"Independent",0,593777,580083,98,13694,2
"20","AL",2000,"Democrat",1,2065056,1841249,89,223807,11
"21","AL",2001,"Democrat",0,1859587,1664579,90,195008,10
"22","AL",2002,"Democrat",0,1920029,1726083,90,193946,10
"23","AL",2003,"Republican (2nd Gov. mid-year)",0,1897040,1697326,89,199714,11
"24","AL",2004,"Republican",0,2017765,1794658,89,223107,11
"25","AL",2005,"Republican",0,2018912,1805744,89,213168,11
"26","AL",2006,"Republican",5,2050932,1831170,89,219762,11
"27","AL",2007,"Republican",0,2067485,1864738,90,202747,10
"28","AL",2008,"Republican",0,1976589,1778241,90,198348,10
"29","AL",2009,"Republican",0,1749863,1555023,89,194840,11
"30","AL",2010,"Republican",0,1906324,1695389,89,210935,11
"31","AL",2011,"Republican",0,1882660,1658640,88,224020,12
"32","AL",2012,"Republican",0,1863224,1643085,88,220139,12
"33","AL",2013,"Republican",0,1882183,1625135,86,257048,14
"34","AL",2014,"Republican",0,1930039,1693896,88,236143,12
"35","AL",2015,"Republican",2,1880980,1655592,88,225388,12
"36","AL",2016,"Republican",2,1895651,1678131,89,217520,11
"37","AL",2017,"Republican",0,1867860,1637973,88,229887,12
"38","AR",2000,"Republican",0,1124742,1032202,92,92540,8
"39","AR",2001,"Republican",1,1078834,1002449,93,76385,7
"40","AR",2002,"Republican",1,1095219,1009798,92,85421,8
"41","AR",2003,"Republican",0,1083763,993652,92,90111,8
"42","AR",2004,"Republican",0,1069229,980322,92,88907,8
"43","AR",2005,"Republican",0,1094815,1002389,92,92426,8
"44","AR",2006,"Republican",3,1103064,1012544,92,90520,8
"45","AR",2007,"Democrat (2nd Gov. mid-year)",0,1108782,1007996,91,100786,9
"46","AR",2008,"Democrat",0,1082215,985957,91,96258,9
"47","AR",2009,"Democrat",7,1019337,915096,90,104241,10
"48","AR",2010,"Democrat",3,1108861,993487,90,115374,10
"49","AR",2011,"Democrat",1,1114972,998586,90,116386,10
"50","AR",2012,"Democrat",0,1064636,953091,90,111545,10
"51","AR",2013,"Democrat",1,1092194,977096,89,115098,11
"52","AR",2014,"Democrat",2,1108392,993265,90,115127,10
"53","AR",2015,"Republican (2nd Gov. mid-year)",2,1043382,935957,90,107425,10
"54","AR",2016,"Republican",0,1036535,930664,90,105871,10
"55","AR",2017,"Republican",0,1043618,939777,90,103841,10
"56","AR",2018,"Republican",0,1102555,997548,90,105007,10
"57","AR",2019,"Republican",0,1077563,970831,90,106732,10
"58","AR",2020,"Republican",0,1012312,920923,91,91389,9
"59","AR",2021,"Republican",1,1057206,967492,92,89714,8
"60","AR",2022,"Republican",0,1058036,967211,91,90825,9
"61","AR",2023,"Republican",2,1049897,962620,92,87277,8
"62","AZ",2000,"Republican",7,1289942,1244437,96,45505,4
"63","AZ",2001,"Republican",1,1302269,1262514,97,39755,3
"64","AZ",2002,"Republican",1,1298175,1260368,97,37807,3
"65","AZ",2003,"Democrat (2nd Gov. mid-year)",1,1319572,1282888,97,36684,3
"66","AZ",2004,"Democrat (2nd Gov. mid-year)",1,1372363,1336001,97,36362,3
"67","AZ",2005,"Democrat (2nd Gov. mid-year)",1,1411695,1361810,96,49885,4
"68","AZ",2006,"Republican (2nd Gov. mid-year)",4,1457800,1406575,96,51225,4
"69","AZ",2007,"Republican (2nd Gov. mid-year)",4,1466903,1412312,96,54591,4
"70","AZ",2008,"Republican (2nd Gov. mid-year)",6,1433406,1368820,95,64586,5
"71","AZ",2009,"Republican (2nd Gov. mid-year)",4,1351254,1296636,96,54618,4
"72","AZ",2010,"Republican",7,1404430,1347690,96,56740,4
"73","AZ",2011,"Republican",4,1430525,1364423,95,66102,5
"74","AZ",2012,"Republican",0,1405648,1344689,96,60959,4
"75","AZ",2013,"Republican",0,1422635,1360310,96,62325,4
"76","AZ",2014,"Republican",1,1424922,1352517,95,72405,5
"77","AZ",2015,"Republican",0,1443936,1364416,94,79520,6
"78","AZ",2016,"Republican",2,1465473,1381843,94,83630,6
"79","AZ",2017,"Republican",0,1465780,1377485,94,88295,6
"80","AZ",2018,"Republican",0,1477247,1384457,94,92790,6
"81","AZ",2019,"Republican",0,1495891,1403396,94,92495,6
"82","AZ",2020,"Republican",0,1439270,1348457,94,90813,6
"83","AZ",2021,"Republican",4,1482635,1383369,93,99266,7
"84","AZ",2022,"Republican",0,1512022,1410807,93,101215,7
"85","AZ",2023,"Republican",0,1526567,1418122,93,108445,7
"86","CA",2000,"Democrat",11,7504612,7134546,95,370066,5
"87","CA",2001,"Democrat",2,7610078,7284612,96,325466,4
"88","CA",2002,"Democrat",1,7595049,7239678,95,355371,5
"89","CA",2003,"Republican (2nd Gov. mid-year)",0,7454129,7047478,95,406651,5
"90","CA",2004,"Republican",8,7835668,7412105,95,423563,5
"91","CA",2005,"Republican",0,7741970,7302630,94,439340,6
"92","CA",2006,"Republican",49,7785762,7321614,94,464148,6
"93","CA",2007,"Republican",0,7923319,7519791,95,403528,5
"94","CA",2008,"Republican",1,7748640,7350706,95,397934,5
"95","CA",2009,"Republican",7,7429624,7009741,94,419883,6
"96","CA",2010,"Republican",4,7269474,6776516,93,492958,7
"97","CA",2011,"Democrat (2nd Gov. mid-year)",13,7186089,6644859,92,541230,8
"98","CA",2012,"Democrat",7,7072294,6576652,93,495642,7
"99","CA",2013,"Democrat",0,7141028,6587001,92,554027,8
"100","CA",2014,"Democrat",4,7053028,6492393,92,560635,8
"101","CA",2015,"Democrat",3,7136949,6572765,92,564184,8
"102","CA",2016,"Democrat",9,7136403,6491262,91,645141,9
"103","CA",2017,"Democrat",0,7145251,6420306,90,724945,10
"104","CA",2018,"Democrat",1,7292387,6601595,91,690792,9
"105","CA",2019,"Democrat",5,7231426,6442634,89,788792,11
"106","CO",2000,"Republican",2,1257656,1235537,98,22119,2
"107","CO",2001,"Republican",3,1358653,1338870,99,19783,1
"108","CO",2002,"Republican",0,1358529,1340607,99,17922,1
"109","CO",2003,"Republican",0,1360444,1341119,99,19325,1
"110","CO",2004,"Republican",0,1388345,1368601,99,19744,1
"111","CO",2005,"Republican",2,1419633,1398527,99,21106,1
"112","CO",2006,"Republican",20,1432297,1407375,98,24922,2
"113","CO",2007,"Democrat (2nd Gov. mid-year)",5,1463502,1432496,98,31006,2
"114","CO",2008,"Democrat",6,1451814,1408725,97,43089,3
"115","CO",2009,"Democrat",6,1430787,1385108,97,45679,3
"116","CO",2010,"Democrat",10,1480944,1431490,97,49454,3
"117","CO",2011,"Democrat",3,1426494,1366284,96,60210,4
"118","CO",2012,"Democrat",3,1394248,1333706,96,60542,4
"119","CO",2013,"Democrat",0,1420259,1352068,95,68191,5
"120","CO",2014,"Democrat",5,1431962,1360235,95,71727,5
"121","CO",2015,"Democrat",0,1439256,1363196,95,76060,5
"122","CO",2016,"Democrat",0,1394462,1307469,94,86993,6
"123","CO",2017,"Democrat",0,1398847,1310649,94,88198,6
"124","CO",2018,"Democrat",2,1447460,1356896,94,90564,6
"125","CO",2019,"Democrat",4,1484292,1386205,93,98087,7
"126","CT",2000,"Republican",3,841087,793749,94,47338,6
"127","CT",2001,"Republican",0,826501,798562,97,27939,3
"128","CT",2002,"Republican",0,811464,785114,97,26350,3
"129","CT",2003,"Republican",0,888123,858937,97,29186,3
"130","CT",2004,"Republican",3,903011,863094,96,39917,4
"131","CT",2005,"Republican",0,871777,845725,97,26052,3
"132","CT",2006,"Republican",7,816420,784170,96,32250,4
"133","CT",2007,"Republican",4,838749,804812,96,33937,4
"134","CT",2008,"Republican",1,770340,737437,96,32903,4
"135","CT",2009,"Republican",0,763039,724629,95,38410,5
"136","CT",2010,"Republican",3,767391,726423,95,40968,5
"137","CT",2011,"Democrat (2nd Gov. mid-year)",2,740235,700295,95,39940,5
"138","CT",2012,"Democrat",1,726431,689187,95,37244,5
"139","CT",2013,"Democrat",0,744609,704752,95,39857,5
"140","CT",2014,"Democrat",0,748682,706885,94,41797,6
"141","CT",2015,"Democrat",6,754318,711156,94,43162,6
"142","CT",2016,"Democrat",0,721597,674351,93,47246,7
"143","CT",2017,"Democrat",0,724034,679413,94,44621,6
"144","CT",2018,"Democrat",0,750341,703542,94,46799,6
"145","CT",2019,"Democrat",0,729892,683642,94,46250,6
"146","DE",2000,"Democrat",2,303879,301591,99,2288,1
"147","DE",2001,"Democrat",2,290543,289219,100,1324,0
"148","DE",2002,"Democrat",1,304848,303534,100,1314,0
"149","DE",2003,"Democrat",0,300832,299432,100,1400,0
"150","DE",2004,"Democrat",0,287001,285565,99,1436,1
"151","DE",2005,"Democrat",1,297787,295896,99,1891,1
"152","DE",2006,"Democrat",2,285714,282076,99,3638,1
"153","DE",2007,"Democrat",5,291538,286541,98,4997,2
"154","DE",2008,"Democrat",0,288650,282844,98,5806,2
"155","DE",2009,"Democrat",2,255701,249057,97,6644,3
"156","DE",2010,"Democrat",1,263028,255318,97,7710,3
"157","DE",2011,"Democrat",0,281046,273341,97,7705,3
"158","DE",2012,"Democrat",0,279916,273060,98,6856,2
"159","DE",2013,"Democrat",0,276655,269594,97,7061,3
"160","DE",2014,"Democrat",2,276390,269023,97,7367,3
"161","DE",2015,"Democrat",4,280223,273237,98,6986,2
"162","DE",2016,"Democrat",0,276692,269787,98,6905,2
"163","DE",2017,"Democrat (2nd Gov. mid-year)",0,274259,267191,97,7068,3
"164","DE",2018,"Democrat",0,292745,285536,98,7209,2
"165","DE",2019,"Democrat",0,291587,283934,97,7653,3
"166","DE",2020,"Democrat",0,263799,257006,97,6793,3
"167","DE",2021,"Democrat",3,281104,273954,97,7150,3
"168","DE",2022,"Democrat",3,275185,267783,97,7402,3
"169","DE",2023,"Democrat",2,268494,260453,97,8041,3
"170","FL",2000,"Republican",5,4067861,3873344,95,194517,5
"171","FL",2001,"Republican",2,4051572,3894422,96,157150,4
"172","FL",2002,"Republican",0,4161068,3987876,96,173192,4
"173","FL",2003,"Republican",1,4180999,3994228,96,186771,4
"174","FL",2004,"Republican",0,4334599,4156764,96,177835,4
"175","FL",2005,"Republican",0,4406875,4220639,96,186236,4
"176","FL",2006,"Republican",8,4460801,4269135,96,191666,4
"177","FL",2007,"Republican",3,4405230,4205093,95,200137,5
"178","FL",2008,"Republican",9,4250476,4008213,94,242263,6
"179","FL",2009,"Republican",11,4099568,3826993,93,272575,7
"180","FL",2010,"Republican",5,4306461,4017599,93,288862,7
"181","FL",2011,"Republican",5,4152538,3862982,93,289556,7
"182","FL",2012,"Republican",3,4053146,3764992,93,288154,7
"183","FL",2013,"Republican",3,4113052,3810970,93,302082,7
"184","FL",2014,"Republican",0,4158101,3860328,93,297773,7
"185","FL",2015,"Republican",1,4309044,4016058,93,292986,7
"186","FL",2016,"Republican",6,4344665,4054720,93,289945,7
"187","FL",2017,"Republican",0,4324444,4023897,93,300547,7
"188","FL",2018,"Republican",1,4412536,4110626,93,301910,7
"189","FL",2019,"Republican",0,4338168,4044936,93,293232,7
"190","GA",2000,"Democrat",1,2901427,2696083,93,205344,7
"191","GA",2001,"Democrat",1,2797716,2623588,94,174128,6
"192","GA",2002,"Democrat",0,2912009,2646606,91,265403,9
"193","GA",2003,"Republican (2nd Gov. mid-year)",2,2923139,2729218,93,193921,7
"194","GA",2004,"Republican",0,3065310,2862854,93,202456,7
"195","GA",2005,"Republican",0,3080403,2888272,94,192131,6
"196","GA",2006,"Republican",12,3067394,2872523,94,194871,6
"197","GA",2007,"Republican",0,3061401,2868983,94,192418,6
"198","GA",2008,"Republican",3,2926774,2741343,94,185431,6
"199","GA",2009,"Republican",1,2884852,2684041,93,200811,7
"200","GA",2010,"Republican",1,3117670,2890751,93,226919,7
"201","GA",2011,"Republican",1,2999215,2766984,92,232231,8
"202","GA",2012,"Republican",1,2817024,2590441,92,226583,8
"203","GA",2013,"Republican",0,2868107,2604545,91,263562,9
"204","GA",2014,"Republican",0,2940286,2660529,90,279757,10
"205","GA",2015,"Republican",1,2945148,2660775,90,284373,10
"206","GA",2016,"Republican",0,2910005,2635313,91,274692,9
"207","GA",2017,"Republican",0,2880666,2612021,91,268645,9
"208","GA",2018,"Republican",1,2946672,2674161,91,272511,9
"209","GA",2019,"Republican",0,2903162,2621319,90,281843,10
"210","HI",2000,"Democrat",5,270704,252920,93,17784,7
"211","HI",2001,"Democrat",4,267970,257725,96,10245,4
"212","HI",2002,"Republican (2nd Gov. mid-year)",0,283505,274199,97,9306,3
"213","HI",2003,"Republican",2,299086,287594,96,11492,4
"214","HI",2004,"Republican",0,312623,300932,96,11691,4
"215","HI",2005,"Republican",0,322560,310549,96,12011,4
"216","HI",2006,"Republican",5,324507,311754,96,12753,4
"217","HI",2007,"Republican",0,334047,320820,96,13227,4
"218","HI",2008,"Republican",3,272843,257298,94,15545,6
"219","HI",2009,"Republican",2,272233,256205,94,16028,6
"220","HI",2010,"Democrat (2nd Gov. mid-year)",2,293799,279414,95,14385,5
"221","HI",2011,"Democrat",1,297688,282324,95,15364,5
"222","HI",2012,"Democrat",1,290679,275427,95,15252,5
"223","HI",2013,"Democrat",1,293465,275393,94,18072,6
"224","HI",2014,"Democrat (2nd Gov. mid-year)",0,285390,267004,94,18386,6
"225","HI",2015,"Democrat",0,288390,269253,93,19137,7
"226","HI",2016,"Democrat",0,289064,268032,93,21032,7
"227","HI",2017,"Democrat",0,295483,276367,94,19116,6
"228","HI",2018,"Democrat",0,294240,275313,94,18927,6
"229","HI",2019,"Democrat",0,296556,278185,94,18371,6
"230","HI",2020,"Democrat",0,219357,200976,92,18381,8
"231","HI",2021,"Democrat",2,255846,235712,92,20134,8
"232","HI",2022,"Democrat",1,270303,249832,92,20471,8
"233","IA",2000,"Democrat",7,1186019,1114780,94,71239,6
"234","IA",2001,"Democrat",1,1157637,1090157,94,67480,6
"235","IA",2002,"Democrat",0,1183045,1110448,94,72597,6
"236","IA",2003,"Democrat",2,1179269,1097502,93,81767,7
"237","IA",2004,"Democrat",0,1232893,1134803,92,98090,8
"238","IA",2005,"Democrat",1,1259846,1152149,91,107697,9
"239","IA",2006,"Democrat",6,1281045,1159201,90,121844,10
"240","IA",2007,"Democrat",1,1354377,1201593,89,152784,11
"241","IA",2008,"Democrat",5,1412115,1230517,87,181598,13
"242","IA",2009,"Democrat",6,1398438,1162298,83,236140,17
"243","IA",2010,"Democrat",5,1441943,1171079,81,270864,19
"244","IA",2011,"Republican (2nd Gov. mid-year)",1,1441350,1161217,81,280133,19
"245","IA",2012,"Republican",3,1358008,1077781,79,280227,21
"246","IA",2013,"Republican",1,1430460,1140776,80,289684,20
"247","IA",2014,"Republican",0,1444090,1142242,79,301848,21
"248","IA",2015,"Republican",0,1404875,1086497,77,318378,23
"249","IA",2016,"Republican",0,1413694,1083538,77,330156,23
"250","IA",2017,"Republican",0,1450807,1108085,76,342722,24
"251","ID",2000,"Republican",4,466227,399643,86,66584,14
"252","ID",2001,"Republican",0,449829,395216,88,54613,12
"253","ID",2002,"Republican",0,432653,378754,88,53899,12
"254","ID",2003,"Republican",1,410104,357317,87,52787,13
"255","ID",2004,"Republican",0,442107,385908,87,56199,13
"256","ID",2005,"Republican",2,452949,386950,85,65999,15
"257","ID",2006,"Republican",6,447801,374389,84,73412,16
"258","ID",2007,"Republican",7,475593,407689,86,67904,14
"259","ID",2008,"Republican",1,468048,397395,85,70653,15
"260","ID",2009,"Republican",1,428088,360528,84,67560,16
"261","ID",2010,"Republican",3,455512,384601,84,70911,16
"262","ID",2011,"Republican",0,421540,336935,80,84605,20
"263","ID",2012,"Republican",0,427551,349748,82,77803,18
"264","ID",2013,"Republican",0,455268,382006,84,73262,16
"265","ID",2014,"Republican",0,444839,361573,81,83266,19
"266","ID",2015,"Republican",0,467796,379088,81,88708,19
"267","ID",2016,"Republican",0,463480,378667,82,84813,18
"268","ID",2017,"Republican",0,468777,374345,80,94432,20
"269","ID",2018,"Republican",0,467171,368833,79,98338,21
"270","ID",2019,"Republican",1,485120,388386,80,96734,20
"271","IL",2000,"Republican",5,4028341,3931634,98,96707,2
"272","IL",2001,"Republican",3,3904632,3804794,97,99838,3
"273","IL",2002,"Republican",0,3919273,3808622,97,110651,3
"274","IL",2003,"Democrat (2nd Gov. mid-year)",0,3944694,3818726,97,125968,3
"275","IL",2004,"Democrat",0,3992115,3867158,97,124957,3
"276","IL",2005,"Democrat",0,4138872,4031196,97,107676,3
"277","IL",2006,"Democrat",5,3988635,3882900,97,105735,3
"278","IL",2007,"Democrat",7,4075892,3951538,97,124354,3
"279","IL",2008,"Democrat",9,4070403,3926791,96,143612,4
"280","IL",2009,"Democrat",12,3841146,3674891,96,166255,4
"281","IL",2010,"Democrat",7,3957104,3770765,95,186339,5
"282","IL",2011,"Democrat",3,3934122,3743563,95,190559,5
"283","IL",2012,"Democrat",3,3803647,3612533,95,191114,5
"284","IL",2013,"Democrat",0,3962061,3757026,95,205035,5
"285","IL",2014,"Democrat",0,4038082,3826796,95,211286,5
"286","IL",2015,"Republican (2nd Gov. mid-year)",0,3870603,3668613,95,201990,5
"287","IL",2016,"Republican",1,3874872,3665464,95,209408,5
"288","IL",2017,"Republican",0,3832517,3622058,95,210459,5
"289","IL",2018,"Republican",0,3961761,3757439,95,204322,5
"290","IL",2019,"Republican",0,3887683,3678995,95,208688,5
"291","IN",2000,"Democrat",2,2863912,2819232,98,44680,2
"292","IN",2001,"Democrat",0,2767007,2717806,98,49201,2
"293","IN",2002,"Democrat",0,2853599,2801058,98,52541,2
"294","IN",2003,"Democrat",0,2934671,2880035,98,54636,2
"295","IN",2004,"Democrat",1,2927611,2872475,98,55136,2
"296","IN",2005,"Republican (2nd Gov. mid-year)",1,2921512,2860635,98,60877,2
"297","IN",2006,"Republican",4,2856693,2804463,98,52230,2
"298","IN",2007,"Republican",18,2955502,2891054,98,64448,2
"299","IN",2008,"Republican",7,2912828,2818075,97,94753,3
"300","IN",2009,"Republican",2,2700448,2594091,96,106357,4
"301","IN",2010,"Republican",4,2831825,2705207,96,126618,4
"302","IN",2011,"Republican",5,2801444,2669324,95,132120,5
"303","IN",2012,"Republican",3,2714667,2592678,96,121989,4
"304","IN",2013,"Republican",1,2839736,2705854,95,133882,5
"305","IN",2014,"Republican",0,2881921,2743520,95,138401,5
"306","IN",2015,"Republican",4,2786382,2642790,95,143592,5
"307","IN",2016,"Republican",0,2733573,2581871,94,151702,6
"308","IN",2017,"Republican",0,2630940,2479723,94,151217,6
"309","IN",2018,"Republican",0,2769007,2613296,94,155711,6
"310","IN",2019,"Republican",0,2732665,2582980,95,149685,5
"311","IN",2020,"Republican",1,2502122,2362700,94,139422,6
"312","IN",2021,"Republican",3,2649708,2492384,94,157324,6
"313","IN",2022,"Republican",0,2622566,2451580,93,170986,7
"314","IN",2023,"Republican",2,2555897,2383006,93,172891,7
"315","KS",2000,"Republican",2,1116017,1106201,99,9816,1
"316","KS",2001,"Republican",0,1063512,1053041,99,10471,1
"317","KS",2002,"Republican",0,1096710,1080400,99,16310,1
"318","KS",2003,"Democrat (2nd Gov. mid-year)",0,1137937,1118568,98,19369,2
"319","KS",2004,"Democrat",0,1119126,1102022,98,17104,2
"320","KS",2005,"Democrat",0,1064258,1044202,98,20056,2
"321","KS",2006,"Democrat",1,1089261,1067501,98,21760,2
"322","KS",2007,"Democrat",0,1150829,1122373,98,28456,2
"323","KS",2008,"Democrat",2,1108904,1062253,96,46651,4
"324","KS",2009,"Democrat",4,1072050,1023819,96,48231,4
"325","KS",2010,"Democrat",0,1090138,1036714,95,53424,5
"326","KS",2011,"Republican (2nd Gov. mid-year)",0,1074483,1017054,95,57429,5
"327","KS",2012,"Republican",0,1036924,979065,94,57859,6
"328","KS",2013,"Republican",0,1045632,970945,93,74687,7
"329","KS",2014,"Republican",2,1076152,990982,92,85170,8
"330","KS",2015,"Republican",0,1041248,956559,92,84689,8
"331","KS",2016,"Republican",1,1018002,921526,91,96476,9
"332","KS",2017,"Republican",0,985787,874125,89,111662,11
"333","KS",2018,"Republican",0,1044236,929468,89,114768,11
"334","KS",2019,"Republican",0,1031443,908539,88,122904,12
"335","KY",2000,"Democrat",1,1787820,1767316,99,20504,1
"336","KY",2001,"Democrat",0,1807989,1781143,99,26846,1
"337","KY",2002,"Democrat",0,1959802,1921950,98,37852,2
"338","KY",2003,"Republican (2nd Gov. mid-year)",0,1895859,1851865,98,43994,2
"339","KY",2004,"Republican",1,1971977,1925777,98,46200,2
"340","KY",2005,"Republican",0,1997945,1942804,97,55141,3
"341","KY",2006,"Republican",8,1992266,1939297,97,52969,3
"342","KY",2007,"Democrat (2nd Gov. mid-year)",2,2031787,1977072,97,54715,3
"343","KY",2008,"Democrat",1,1993954,1935088,97,58866,3
"344","KY",2009,"Democrat",4,1906534,1842833,97,63701,3
"345","KY",2010,"Democrat",4,1984909,1916992,97,67917,3
"346","KY",2011,"Democrat",0,1915801,1844852,96,70949,4
"347","KY",2012,"Democrat",0,1881539,1816139,97,65400,3
"348","KY",2013,"Democrat",0,1820409,1744565,96,75844,4
"349","KY",2014,"Democrat",0,1761788,1684725,96,77063,4
"350","KY",2015,"Republican (2nd Gov. mid-year)",2,1710943,1641641,96,69302,4
"351","KY",2016,"Republican",1,1684010,1612486,96,71524,4
"352","KY",2017,"Republican",0,1631641,1554049,95,77592,5
"353","KY",2018,"Republican",0,1716399,1637906,95,78493,5
"354","KY",2019,"Republican",0,1683555,1605297,95,78258,5
"355","LA",2000,"Republican",0,4327069,4188331,97,138738,3
"356","LA",2001,"Republican",0,3818697,3687639,97,131058,3
"357","LA",2002,"Republican",0,3952583,3814493,97,138090,3
"358","LA",2003,"Republican",2,3804200,3657559,96,146641,4
"359","LA",2004,"Democrat (2nd Gov. mid-year)",1,4005138,3822630,95,182508,5
"360","LA",2005,"Democrat",0,3849720,3703232,96,146488,4
"361","LA",2006,"Democrat",1,4021734,3875739,96,145995,4
"362","LA",2007,"Democrat",2,4275672,4129141,97,146531,3
"363","LA",2008,"Republican (2nd Gov. mid-year)",0,4215291,4107509,97,107782,3
"364","LA",2009,"Republican",2,4021054,3909756,97,111298,3
"365","LA",2010,"Republican",2,4111598,3984261,97,127337,3
"366","LA",2011,"Republican",0,4124451,3996216,97,128235,3
"367","LA",2012,"Republican",0,3995750,3869970,97,125780,3
"368","LA",2013,"Republican",0,3904336,3760714,96,143622,4
"369","LA",2014,"Republican",0,3922318,3756547,96,165771,4
"370","LA",2015,"Republican",5,3896246,3745685,96,150561,4
"371","LA",2016,"Democrat (2nd Gov. mid-year)",1,4011551,3844130,96,167421,4
"372","LA",2017,"Democrat",0,4180645,4026209,96,154436,4
"373","LA",2018,"Democrat",0,4219960,4069110,96,150850,4
"374","LA",2019,"Democrat",0,4257243,4117466,97,139777,3
"375","LA",2020,"Democrat",0,4178183,4042716,97,135467,3
"376","LA",2021,"Democrat",1,4257173,4121268,97,135905,3
"377","LA",2022,"Democrat",1,4272592,4134383,97,138209,3
"378","LA",2023,"Democrat",2,4166787,4027805,97,138982,3
"379","MA",2000,"Republican",10,1523680,1461459,96,62221,4
"380","MA",2001,"Republican",0,1507350,1464212,97,43138,3
"381","MA",2002,"Republican",0,1518565,1477678,97,40887,3
"382","MA",2003,"Republican",1,1486093,1442897,97,43196,3
"383","MA",2004,"Republican",0,1485410,1440220,97,45190,3
"384","MA",2005,"Republican",0,1491401,1451270,97,40131,3
"385","MA",2006,"Republican",19,1417140,1364602,96,52538,4
"386","MA",2007,"Democrat (2nd Gov. mid-year)",3,1447013,1392335,96,54678,4
"387","MA",2008,"Democrat",0,1421299,1368049,96,53250,4
"388","MA",2009,"Democrat",5,1360232,1298710,95,61522,5
"389","MA",2010,"Democrat",5,1417330,1348586,95,68744,5
"390","MA",2011,"Democrat",4,1389041,1319264,95,69777,5
"391","MA",2012,"Democrat",1,1349790,1283337,95,66453,5
"392","MA",2013,"Democrat",0,1414648,1341903,95,72745,5
"393","MA",2014,"Democrat",0,1420461,1345950,95,74511,5
"394","MA",2015,"Republican (2nd Gov. mid-year)",2,1436590,1362060,95,74530,5
"395","MA",2016,"Republican",1,1388509,1312492,95,76017,5
"396","MA",2017,"Republican",1,1386997,1313355,95,73642,5
"397","MA",2018,"Republican",0,1415642,1339768,95,75874,5
"398","MA",2019,"Republican",1,1414088,1339052,95,75036,5
"399","MA",2020,"Republican",1,1218298,1146862,94,71436,6
"400","MA",2021,"Republican",11,1281157,1205787,94,75370,6
"401","MA",2022,"Republican",2,1323388,1242688,94,80700,6
"402","MA",2023,"Republican",7,1282732,1201173,94,81559,6
"403","MD",2000,"Democrat",5,1443517,1401157,97,42360,3
"404","MD",2001,"Democrat",2,1438122,1413025,98,25097,2
"405","MD",2002,"Democrat",1,1514196,1484283,98,29913,2
"406","MD",2003,"Republican (2nd Gov. mid-year)",0,1560860,1524454,98,36406,2
"407","MD",2004,"Republican",1,1544267,1507336,98,36931,2
"408","MD",2005,"Republican",1,1576776,1539329,98,37447,2
"409","MD",2006,"Republican",4,1460946,1414914,97,46032,3
"410","MD",2007,"Democrat (2nd Gov. mid-year)",2,1486507,1438644,97,47863,3
"411","MD",2008,"Democrat",5,1443383,1395586,97,47797,3
"412","MD",2009,"Democrat",12,1431461,1376444,96,55017,4
"413","MD",2010,"Democrat",6,1462765,1401220,96,61545,4
"414","MD",2011,"Democrat",4,1395912,1332586,95,63326,5
"415","MD",2012,"Democrat",2,1358065,1298503,96,59562,4
"416","MD",2013,"Democrat",0,1379305,1313827,95,65478,5
"417","MD",2014,"Democrat",1,1390976,1326666,95,64310,5
"418","MD",2015,"Republican (2nd Gov. mid-year)",7,1388315,1329425,96,58890,4
"419","MD",2016,"Republican",0,1346428,1287417,96,59011,4
"420","MD",2017,"Republican",1,1297833,1237143,95,60690,5
"421","MD",2018,"Republican",0,1342823,1278032,95,64791,5
"422","MD",2019,"Republican",1,1311993,1254038,96,57955,4
"423","MD",2020,"Republican",1,1164157,1115593,96,48564,4
"424","MD",2021,"Republican",8,1220595,1167863,96,52732,4
"425","MD",2022,"Republican",0,1207626,1156371,96,51255,4
"426","MD",2023,"Republican",1,1182581,1128870,95,53711,5
"427","ME",2000,"Independent",3,443007,304360,69,138647,31
"428","ME",2001,"Independent",0,412740,284895,69,127845,31
"429","ME",2002,"Independent",0,418306,296625,71,121681,29
"430","ME",2003,"Democrat (2nd Gov. mid-year)",1,414953,303899,73,111054,27
"431","ME",2004,"Democrat",0,428475,314345,73,114130,27
"432","ME",2005,"Democrat",1,429464,296307,69,133157,31
"433","ME",2006,"Democrat",3,407733,282528,69,125205,31
"434","ME",2007,"Democrat",0,429579,297798,69,131781,31
"435","ME",2008,"Democrat",0,429493,272204,63,157289,37
"436","ME",2009,"Democrat",3,389563,264587,68,124976,32
"437","ME",2010,"Democrat",1,395546,258889,65,136657,35
"438","ME",2011,"Republican (2nd Gov. mid-year)",1,393616,256130,65,137486,35
"439","ME",2012,"Republican",1,375922,241226,64,134696,36
"440","ME",2013,"Republican",1,390870,250764,64,140106,36
"441","ME",2014,"Republican",0,389665,254444,65,135221,35
"442","ME",2015,"Republican",0,399556,259079,65,140477,35
"443","ME",2016,"Republican",0,368409,246481,67,121928,33
"444","ME",2017,"Republican",0,355026,233893,66,121133,34
"445","ME",2018,"Republican",1,356505,233676,66,122829,34
"446","ME",2019,"Republican",0,350692,229801,66,120891,34
"447","MI",2000,"Republican",1,3211610,3102935,97,108675,3
"448","MI",2001,"Republican",1,3092545,3004338,97,88207,3
"449","MI",2002,"Republican",0,3148731,3060529,97,88202,3
"450","MI",2003,"Democrat (2nd Gov. mid-year)",1,3187033,3083728,97,103305,3
"451","MI",2004,"Democrat",1,3152951,3044995,97,107956,3
"452","MI",2005,"Democrat",0,3203878,3082669,96,121209,4
"453","MI",2006,"Democrat",5,3032895,2912946,96,119949,4
"454","MI",2007,"Democrat",2,3013504,2881275,96,132229,4
"455","MI",2008,"Democrat",1,2905605,2757073,95,148532,5
"456","MI",2009,"Democrat",10,2679168,2540235,95,138933,5
"457","MI",2010,"Democrat",11,2774343,2624516,95,149827,5
"458","MI",2011,"Republican (2nd Gov. mid-year)",2,2810874,2646301,94,164573,6
"459","MI",2012,"Republican",0,2703263,2538450,94,164813,6
"460","MI",2013,"Republican",0,2843130,2660587,94,182543,6
"461","MI",2014,"Republican",1,2880439,2692901,93,187538,7
"462","MI",2015,"Republican",1,2792943,2591293,93,201650,7
"463","MI",2016,"Republican",0,2771665,2574349,93,197316,7
"464","MI",2017,"Republican",0,2760178,2562763,93,197415,7
"465","MI",2018,"Republican",0,2873868,2668155,93,205713,7
"466","MI",2019,"Republican",0,2840026,2638061,93,201965,7
"467","MN",2000,"Minnesota Independence Party",8,1735761,1642358,95,93403,5
"468","MN",2001,"Minnesota Independence Party",3,1706313,1610229,94,96084,6
"469","MN",2002,"Minnesota Independence Party",0,1767476,1675039,95,92437,5
"470","MN",2003,"Republican (2nd Gov. mid-year)",1,1843962,1748425,95,95537,5
"471","MN",2004,"Republican",1,1846595,1741974,94,104621,6
"472","MN",2005,"Republican",2,1851444,1743169,94,108275,6
"473","MN",2006,"Republican",33,1821508,1708787,94,112721,6
"474","MN",2007,"Republican",33,1869802,1737876,93,131926,7
"475","MN",2008,"Republican",2,1874372,1727523,92,146849,8
"476","MN",2009,"Republican",15,1742930,1576293,90,166637,10
"477","MN",2010,"Republican",3,1813361,1624124,90,189237,10
"478","MN",2011,"Democratic-Farmer-Labor (2nd Gov. mid-year)",5,1792762,1598276,89,194486,11
"479","MN",2012,"Democratic-Farmer-Labor",1,1747882,1554694,89,193188,11
"480","MN",2013,"Democratic-Farmer-Labor",1,1821090,1629310,89,191780,11
"481","MN",2014,"Democratic-Farmer-Labor",2,1868616,1657265,89,211351,11
"482","MN",2015,"Democratic-Farmer-Labor",3,1745523,1530015,88,215508,12
"483","MN",2016,"Democratic-Farmer-Labor",1,1770116,1552574,88,217542,12
"484","MN",2017,"Democratic-Farmer-Labor",0,1779751,1562161,88,217590,12
"485","MN",2018,"Democratic-Farmer-Labor",0,1857588,1634208,88,223380,12
"486","MN",2019,"Democratic-Farmer-Labor",3,1822664,1597807,88,224857,12
"487","MO",2000,"Democrat",3,1826062,1806842,99,19220,1
"488","MO",2001,"Democrat",0,1856035,1830540,99,25495,1
"489","MO",2002,"Democrat",0,1868202,1839527,98,28675,2
"490","MO",2003,"Democrat",1,1879317,1849026,98,30291,2
"491","MO",2004,"Democrat",1,1884851,1850516,98,34335,2
"492","MO",2005,"Republican (2nd Gov. mid-year)",0,1974667,1927711,98,46956,2
"493","MO",2006,"Republican",7,1966264,1924144,98,42120,2
"494","MO",2007,"Republican",7,1977175,1922968,97,54207,3
"495","MO",2008,"Republican",8,1934242,1864656,96,69586,4
"496","MO",2009,"Democrat (2nd Gov. mid-year)",3,1830471,1753265,96,77206,4
"497","MO",2010,"Democrat",9,1909924,1824933,96,84991,4
"498","MO",2011,"Democrat",0,1854082,1773071,96,81011,4
"499","MO",2012,"Democrat",1,1777037,1704719,96,72318,4
"500","MO",2013,"Democrat",1,1837558,1754405,95,83153,5
"501","MO",2014,"Democrat",5,1898451,1811773,95,86678,5
"502","MO",2015,"Democrat",0,1812747,1733660,96,79087,4
"503","MO",2016,"Democrat",4,1761978,1682818,96,79160,4
"504","MO",2017,"Republican (2nd Gov. mid-year)",0,1722939,1640240,95,82699,5
"505","MO",2018,"Republican",2,1836631,1748718,95,87913,5
"506","MO",2019,"Republican",0,1772045,1680215,95,91830,5
"507","MO",2020,"Republican",0,1654294,1577237,95,77057,5
"508","MO",2021,"Republican",2,1696141,1607262,95,88879,5
"509","MO",2022,"Republican",0,1729607,1634295,94,95312,6
"510","MO",2023,"Republican",0,1681954,1591542,95,90412,5
"511","MS",2000,"Democrat (2nd Gov. mid-year)",1,1242230,1166841,94,75389,6
"512","MS",2001,"Democrat",0,1132668,1076564,95,56104,5
"513","MS",2002,"Democrat",0,1170397,1120725,96,49672,4
"514","MS",2003,"Democrat",0,1201624,1156253,96,45371,4
"515","MS",2004,"Republican (2nd Gov. mid-year)",0,1206056,1144754,95,61302,5
"516","MS",2005,"Republican",0,1173361,1110395,95,62966,5
"517","MS",2006,"Republican",4,1209261,1145588,95,63673,5
"518","MS",2007,"Republican",0,1223586,1158960,95,64626,5
"519","MS",2008,"Republican",1,1163638,1113154,96,50484,4
"520","MS",2009,"Republican",0,1110149,1053266,95,56883,5
"521","MS",2010,"Republican",2,1153321,1078520,94,74801,6
"522","MS",2011,"Republican",0,1126395,1050689,93,75706,7
"523","MS",2012,"Republican",0,1112775,1024463,92,88312,8
"524","MS",2013,"Republican",0,1089942,1013673,93,76269,7
"525","MS",2014,"Republican",1,1102348,1024408,93,77940,7
"526","MS",2015,"Republican",4,1085094,1011399,93,73695,7
"527","MS",2016,"Republican",0,1071655,995427,93,76228,7
"528","MS",2017,"Republican",2,1067882,997057,93,70825,7
"529","MS",2018,"Republican",0,1104397,1033553,94,70844,6
"530","MS",2019,"Republican",0,1092194,1025208,94,66986,6
"531","MS",2020,"Republican",1,1035679,970610,94,65069,6
"532","MT",2000,"Republican",3,372039,323579,87,48460,13
"533","MT",2001,"Republican",2,335079,300198,90,34881,10
"534","MT",2002,"Republican",1,347138,303089,87,44049,13
"535","MT",2003,"Republican",4,349542,307503,88,42039,12
"536","MT",2004,"Republican",0,371586,328433,88,43153,12
"537","MT",2005,"Democrat (2nd Gov. mid-year)",2,389848,338103,87,51745,13
"538","MT",2006,"Democrat",7,405771,351197,87,54574,13
"539","MT",2007,"Democrat",2,433895,378128,87,55767,13
"540","MT",2008,"Democrat",0,419269,362085,86,57184,14
"541","MT",2009,"Democrat",1,389891,339003,87,50888,13
"542","MT",2010,"Democrat",2,373201,321622,86,51579,14
"543","MT",2011,"Democrat",0,362401,306294,85,56107,15
"544","MT",2012,"Democrat",0,357211,306008,86,51203,14
"545","MT",2013,"Democrat",0,369323,321064,87,48259,13
"546","MT",2014,"Democrat",0,364263,308655,85,55608,15
"547","MT",2015,"Democrat",0,368124,308800,84,59324,16
"548","MT",2016,"Democrat",0,368963,307551,83,61412,17
"549","MT",2017,"Democrat",0,381910,317335,83,64575,17
"550","MT",2018,"Democrat",0,393240,323288,82,69952,18
"551","MT",2019,"Democrat",0,405678,340210,84,65468,16
"552","MT",2020,"Democrat",0,371144,311332,84,59812,16
"553","MT",2021,"Democrat",0,379133,322799,85,56334,15
"554","NC",2000,"Democrat",2,2587711,2469504,95,118207,5
"555","NC",2001,"Democrat",0,2529858,2415928,95,113930,5
"556","NC",2002,"Democrat",0,2545210,2437991,96,107219,4
"557","NC",2003,"Democrat",0,2542759,2402214,94,140545,6
"558","NC",2004,"Democrat",1,2626745,2514952,96,111793,4
"559","NC",2005,"Democrat",2,2661860,2549720,96,112140,4
"560","NC",2006,"Democrat",8,2619752,2504280,96,115472,4
"561","NC",2007,"Democrat",7,2661571,2562659,96,98912,4
"562","NC",2008,"Democrat",4,2671034,2522720,94,148314,6
"563","NC",2009,"Democrat",14,2513686,2365947,94,147739,6
"564","NC",2010,"Democrat",5,2716889,2556760,94,160129,6
"565","NC",2011,"Democrat",2,2588774,2422964,94,165810,6
"566","NC",2012,"Democrat",2,2499341,2334569,93,164772,7
"567","NC",2013,"Republican (2nd Gov. mid-year)",1,2503234,2317353,93,185881,7
"568","NC",2014,"Republican",1,2557339,2380049,93,177290,7
"569","NC",2015,"Republican",2,2548314,2376506,93,171808,7
"570","NC",2016,"Republican",0,2561023,2383519,93,177504,7
"571","NC",2017,"Democrat",0,2507091,2321600,93,185491,7
"572","NC",2018,"Democrat",0,2595129,2399162,92,195967,8
"573","NC",2019,"Democrat",2,2566245,2367686,92,198559,8
"574","NC",2020,"Democrat",1,2363742,2161018,91,202724,9
"575","NC",2021,"Democrat",2,2519796,2322823,92,196973,8
"576","NC",2022,"Democrat",2,2578739,2380574,92,198165,8
"577","NC",2023,"Democrat",1,2472784,2285980,92,186804,8
"578","ND",2000,"Republican",3,377163,365422,97,11741,3
"579","ND",2001,"Republican",0,404329,394055,97,10274,3
"580","ND",2002,"Republican",0,397570,386597,97,10973,3
"581","ND",2003,"Republican",0,396611,384389,97,12222,3
"582","ND",2004,"Republican",0,400176,387695,97,12481,3
"583","ND",2005,"Republican",0,405595,393142,97,12453,3
"584","ND",2006,"Republican",2,411170,397968,97,13202,3
"585","ND",2007,"Republican",2,432847,413364,95,19483,5
"586","ND",2008,"Republican",1,436772,412591,94,24181,6
"587","ND",2009,"Republican",0,424254,388755,92,35499,8
"588","ND",2010,"Republican",0,459000,414226,90,44774,10
"589","ND",2011,"Republican",3,505928,453481,90,52447,10
"590","ND",2012,"Republican",2,529650,478464,90,51186,10
"591","ND",2013,"Republican",0,570946,519625,91,51321,9
"592","ND",2014,"Republican",0,613985,557774,91,56211,9
"593","ND",2015,"Republican",0,583751,525505,90,58246,10
"594","ND",2016,"Republican",0,555107,488739,88,66368,12
"595","ND",2017,"Republican",0,595110,510722,86,84388,14
"596","ND",2018,"Republican",0,624149,540800,87,83349,13
"597","ND",2019,"Republican",0,641160,556218,87,84942,13
"598","ND",2020,"Republican",0,619246,529528,86,89718,14
"599","ND",2021,"Republican",0,653347,560694,86,92653,14
"600","ND",2022,"Republican",0,675385,579361,86,96024,14
"601","ND",2023,"Republican",1,703926,611772,87,92154,13
"602","NE",2000,"Republican",2,658506,625008,95,33498,5
"603","NE",2001,"Republican",0,657462,621852,95,35610,5
"604","NE",2002,"Republican",0,669254,632511,95,36743,5
"605","NE",2003,"Republican",0,679281,640567,94,38714,6
"606","NE",2004,"Republican",0,691976,646131,93,45845,7
"607","NE",2005,"Republican",0,698718,653427,94,45291,6
"608","NE",2006,"Republican",1,714178,666562,93,47616,7
"609","NE",2007,"Republican",1,754246,693855,92,60391,8
"610","NE",2008,"Republican",0,792458,711412,90,81046,10
"611","NE",2009,"Republican",6,773922,692302,89,81620,11
"612","NE",2010,"Republican",1,858000,735447,86,122553,14
"613","NE",2011,"Republican",1,848376,721099,85,127277,15
"614","NE",2012,"Republican",0,837542,720565,86,116977,14
"615","NE",2013,"Republican",1,856122,736161,86,119961,14
"616","NE",2014,"Republican",0,859049,727340,85,131709,15
"617","NE",2015,"Republican",0,835564,699939,84,135625,16
"618","NE",2016,"Republican",2,846564,705451,83,141113,17
"619","NE",2017,"Republican",0,838416,689682,82,148734,18
"620","NE",2018,"Republican",1,873966,723216,83,150750,17
"621","NE",2019,"Republican",0,866742,710007,82,156735,18
"622","NE",2020,"Republican",0,813101,667627,82,145474,18
"623","NE",2021,"Republican",1,843971,685696,81,158275,19
"624","NE",2022,"Republican",1,848127,679745,80,168382,20
"625","NE",2023,"Republican",0,840136,675634,80,164502,20
"626","NH",2000,"Democrat",3,302941,274010,90,28931,10
"627","NH",2001,"Democrat",0,301533,278201,92,23332,8
"628","NH",2002,"Democrat",1,310926,289740,93,21186,7
"629","NH",2003,"Republican (2nd Gov. mid-year)",0,320333,299417,93,20916,7
"630","NH",2004,"Republican",0,327923,301683,92,26240,8
"631","NH",2005,"Democrat (2nd Gov. mid-year)",0,320450,289803,90,30647,10
"632","NH",2006,"Democrat",13,302739,276632,91,26107,9
"633","NH",2007,"Democrat",3,305098,274806,90,30292,10
"634","NH",2008,"Democrat",0,296396,263314,89,33082,11
"635","NH",2009,"Democrat",1,292087,253209,87,38878,13
"636","NH",2010,"Democrat",4,294182,252807,86,41375,14
"637","NH",2011,"Democrat",1,291327,249737,86,41590,14
"638","NH",2012,"Democrat",0,282660,241178,85,41482,15
"639","NH",2013,"Democrat",0,299764,251963,84,47801,16
"640","NH",2014,"Democrat",0,307962,257402,84,50560,16
"641","NH",2015,"Democrat",1,310768,253650,82,57118,18
"642","NH",2016,"Democrat",1,301534,248777,83,52757,17
"643","NH",2017,"Republican (2nd Gov. mid-year)",0,310340,255440,82,54900,18
"644","NH",2018,"Republican",0,318213,266587,84,51626,16
"645","NH",2019,"Republican",1,312436,261451,84,50985,16
"646","NH",2020,"Republican",0,285472,247678,87,37794,13
"647","NH",2021,"Republican",1,292720,254241,87,38479,13
"648","NH",2022,"Republican",2,297703,257840,87,39863,13
"649","NH",2023,"Republican",8,294907,255919,87,38988,13
"650","NJ",2000,"Republican",3,2477618,2436702,98,40916,2
"651","NJ",2001,"Republican",2,2452615,2422719,99,29896,1
"652","NJ",2002,"Democrat (2nd Gov. mid-year)",0,2479729,2451091,99,28638,1
"653","NJ",2003,"Democrat",1,2507742,2481291,99,26451,1
"654","NJ",2004,"Democrat",0,2551491,2524226,99,27265,1
"655","NJ",2006,"Democrat",5,2531346,2483654,98,47692,2
"656","NJ",2007,"Democrat",2,2655233,2602260,98,52973,2
"657","NJ",2008,"Democrat",3,2581953,2531658,98,50295,2
"658","NJ",2009,"Democrat",4,2360786,2295276,97,65510,3
"659","NJ",2010,"Republican (2nd Gov. mid-year)",4,2277813,2205487,97,72326,3
"660","NJ",2011,"Republican",1,2261325,2189295,97,72030,3
"661","NJ",2012,"Republican",2,2154878,2083940,97,70938,3
"662","NJ",2013,"Republican",0,2198547,2120674,96,77873,4
"663","NJ",2014,"Republican",2,2212385,2131647,96,80738,4
"664","NJ",2015,"Republican",2,2166983,2096705,97,70278,3
"665","NJ",2016,"Republican",0,2125088,2051320,97,73768,3
"666","NJ",2017,"Republican",0,2071086,2001769,97,69317,3
"667","NJ",2018,"Republican",1,2171789,2102587,97,69202,3
"668","NM",2000,"Republican",2,661807,652698,99,9109,1
"669","NM",2001,"Republican",0,660774,654500,99,6274,1
"670","NM",2002,"Republican",1,658663,652255,99,6408,1
"671","NM",2003,"Democrat (2nd Gov. mid-year)",1,659610,653233,99,6377,1
"672","NM",2004,"Democrat",0,682293,674873,99,7420,1
"673","NM",2005,"Democrat",2,681623,664303,97,17320,3
"674","NM",2006,"Democrat",2,686722,667653,97,19069,3
"675","NM",2007,"Democrat",3,708988,687542,97,21446,3
"676","NM",2008,"Democrat",3,669937,645679,96,24258,4
"677","NM",2009,"Democrat",3,637573,615696,97,21877,3
"678","NM",2010,"Democrat",6,644615,617676,96,26939,4
"679","NM",2011,"Republican (2nd Gov. mid-year)",2,661374,633072,96,28302,4
"680","NM",2012,"Republican",2,657153,629085,96,28068,4
"681","NM",2013,"Republican",0,660840,631312,96,29528,4
"682","NM",2014,"Republican",2,667442,637734,96,29708,4
"683","NM",2015,"Republican",0,667386,635972,95,31414,5
"684","NM",2016,"Republican",1,652846,615468,94,37378,6
"685","NM",2017,"Republican",1,657837,615898,94,41939,6
"686","NM",2018,"Republican",0,667998,617646,92,50352,8
"687","NM",2019,"Republican",0,702099,645462,92,56637,8
"688","NV",2000,"Republican",7,603315,581995,96,21320,4
"689","NV",2001,"Republican",0,609458,589168,97,20290,3
"690","NV",2002,"Republican",0,603491,583975,97,19516,3
"691","NV",2003,"Republican",2,633191,614997,97,18194,3
"692","NV",2004,"Republican",0,667681,648940,97,18741,3
"693","NV",2005,"Republican",0,687650,669049,97,18601,3
"694","NV",2006,"Republican",2,719850,700127,97,19723,3
"695","NV",2007,"Republican",4,709143,688637,97,20506,3
"696","NV",2008,"Republican",1,674324,651294,97,23030,3
"697","NV",2009,"Republican",3,624799,597944,96,26855,4
"698","NV",2010,"Republican",2,669780,641841,96,27939,4
"699","NV",2011,"Republican",1,656117,627907,96,28210,4
"700","NV",2012,"Republican",0,650980,620555,95,30425,5
"701","NV",2013,"Republican",0,665141,630575,95,34566,5
"702","NV",2014,"Republican",0,667599,631992,95,35607,5
"703","NV",2015,"Republican",0,654144,613383,94,40761,6
"704","NV",2016,"Republican",0,676850,630559,93,46291,7
"705","NV",2017,"Republican",0,699273,648899,93,50374,7
"706","NV",2018,"Republican",0,714668,660323,92,54345,8
"707","NV",2019,"Democrat (2nd Gov. mid-year)",0,715008,656742,92,58266,8
"708","NV",2020,"Democrat",1,643507,585980,91,57527,9
"709","NV",2021,"Democrat",0,687606,623959,91,63647,9
"710","NV",2022,"Democrat",0,706539,633805,90,72734,10
"711","NV",2023,"Democrat",0,689433,614555,89,74878,11
"712","NY",2000,"Republican",4,3966053,3704746,93,261307,7
"713","NY",2001,"Republican",2,3859806,3668587,95,191219,5
"714","NY",2002,"Republican",1,3854372,3659959,95,194413,5
"715","NY",2003,"Republican",1,3992726,3796634,95,196092,5
"716","NY",2004,"Republican",0,4094407,3870322,95,224085,5
"717","NY",2005,"Republican",1,3977272,3773946,95,203326,5
"718","NY",2006,"Republican",6,3687714,3469461,94,218253,6
"719","NY",2007,"Democrat (2nd Gov. mid-year)",3,3785871,3563781,94,222090,6
"720","NY",2008,"Democrat",5,3691737,3444522,93,247215,7
"721","NY",2009,"Democrat",17,3503947,3285350,94,218597,6
"722","NY",2010,"Democrat",9,3690774,3464371,94,226403,6
"723","NY",2011,"Democrat",5,3557476,3316959,93,240517,7
"724","NY",2012,"Democrat",1,3412306,3186112,93,226194,7
"725","NY",2013,"Democrat",1,3543324,3300886,93,242438,7
"726","NY",2014,"Democrat",3,3651925,3399780,93,252145,7
"727","NY",2015,"Democrat",0,3655768,3388806,93,266962,7
"728","NY",2016,"Democrat",2,3578728,3309006,92,269722,8
"729","NY",2017,"Democrat",3,3559511,3275542,92,283969,8
"730","NY",2018,"Democrat",0,3733207,3443915,92,289292,8
"731","NY",2019,"Democrat",3,3630879,3338883,92,291996,8
"732","NY",2020,"Democrat",1,3141560,2880761,92,260799,8
"733","NY",2021,"Democrat",14,3344919,3080942,92,263977,8
"734","OH",2000,"Republican",5,4259607,4164640,98,94967,2
"735","OH",2001,"Republican",1,3999662,3934823,98,64839,2
"736","OH",2002,"Republican",0,3939151,3887337,99,51814,1
"737","OH",2003,"Republican",1,4007179,3946979,98,60200,2
"738","OH",2004,"Republican",0,4039591,3977637,98,61954,2
"739","OH",2005,"Republican",0,4069541,3999379,98,70162,2
"740","OH",2006,"Republican",2,3911618,3838821,98,72797,2
"741","OH",2007,"Democrat (2nd Gov. mid-year)",2,4037709,3956553,98,81156,2
"742","OH",2008,"Democrat",4,3987333,3873971,97,113362,3
"743","OH",2009,"Democrat",6,3651766,3540894,97,110872,3
"744","OH",2010,"Democrat",7,3774055,3648047,97,126008,3
"745","OH",2011,"Republican (2nd Gov. mid-year)",3,3728725,3595460,96,133265,4
"746","OH",2012,"Republican",0,3580052,3446427,96,133625,4
"747","OH",2013,"Republican",0,3657072,3508683,96,148389,4
"748","OH",2014,"Republican",2,3761488,3609652,96,151836,4
"749","OH",2015,"Republican",0,3659083,3512482,96,146601,4
"750","OH",2016,"Republican",0,3610452,3462558,96,147894,4
"751","OH",2017,"Republican",1,3556367,3411841,96,144526,4
"752","OH",2018,"Republican",0,3697336,3551624,96,145712,4
"753","OH",2019,"Republican",0,3578240,3432733,96,145507,4
"754","OK",2000,"Republican",1,1471342,1439411,98,31931,2
"755","OK",2001,"Republican",0,1492091,1459896,98,32195,2
"756","OK",2002,"Republican",0,1446109,1418582,98,27527,2
"757","OK",2003,"Democrat (2nd Gov. mid-year)",0,1477033,1447475,98,29558,2
"758","OK",2004,"Democrat",0,1455534,1416831,97,38703,3
"759","OK",2005,"Democrat",1,1507364,1465055,97,42309,3
"760","OK",2006,"Democrat",2,1553651,1514097,97,39554,3
"761","OK",2007,"Democrat",0,1546213,1495548,97,50665,3
"762","OK",2008,"Democrat",2,1550694,1502597,97,48097,3
"763","OK",2009,"Democrat",6,1460984,1408197,96,52787,4
"764","OK",2010,"Democrat",3,1542211,1475918,96,66293,4
"765","OK",2011,"Republican (2nd Gov. mid-year)",4,1537902,1468307,95,69595,5
"766","OK",2012,"Republican",2,1515448,1437041,95,78407,5
"767","OK",2013,"Republican",0,1542829,1446800,94,96029,6
"768","OK",2014,"Republican",2,1604125,1508139,94,95986,6
"769","OK",2015,"Republican",0,1538143,1433430,93,104713,7
"770","OK",2016,"Republican",0,1512185,1383331,91,128854,9
"771","OK",2017,"Republican",0,1514805,1372270,91,142535,9
"772","OK",2018,"Republican",0,1582673,1425835,90,156838,10
"773","OK",2019,"Republican",1,1541326,1374853,89,166473,11
"774","OR",2000,"Democrat",7,875026,696421,80,178605,20
"775","OR",2001,"Democrat",5,843152,690513,82,152639,18
"776","OR",2002,"Democrat",2,802635,634263,79,168372,21
"777","OR",2003,"Democrat",2,790533,629994,80,160539,20
"778","OR",2004,"Democrat",0,802333,637849,79,164484,21
"779","OR",2005,"Democrat",3,833558,673894,81,159664,19
"780","OR",2006,"Democrat",19,825499,639423,77,186076,23
"781","OR",2007,"Democrat",17,848545,671366,79,177179,21
"782","OR",2008,"Democrat",8,833313,648407,78,184906,22
"783","OR",2009,"Democrat",10,802266,610607,76,191659,24
"784","OR",2010,"Democrat",1,786172,598115,76,188057,24
"785","OR",2011,"Democrat",1,757856,526962,70,230894,30
"786","OR",2012,"Democrat",0,750369,520698,69,229671,31
"787","OR",2013,"Democrat",2,784796,561545,72,223251,28
"788","OR",2014,"Democrat",0,773334,540493,70,232841,30
"789","OR",2015,"Democrat",2,782114,556231,71,225883,29
"790","OR",2016,"Democrat",3,785750,547992,70,237758,30
"791","OR",2017,"Democrat",0,823286,568033,69,255253,31
"792","OR",2018,"Democrat",0,819942,567104,69,252838,31
"793","OR",2019,"Democrat",0,850720,613863,72,236857,28
"794","OR",2020,"Democrat",1,782885,547721,70,235164,30
"795","OR",2021,"Democrat",8,831873,606329,73,225544,27
"796","OR",2022,"Democrat",2,843766,605998,72,237768,28
"797","OR",2023,"Democrat",4,875020,638958,73,236062,27
"798","PA",2000,"Republican",3,3930803,3831724,97,99079,3
"799","PA",2001,"Republican",0,3841084,3755386,98,85698,2
"800","PA",2002,"Republican",5,3899649,3817838,98,81811,2
"801","PA",2003,"Democrat (2nd Gov. mid-year)",1,3943918,3856561,98,87357,2
"802","PA",2004,"Democrat",2,3991628,3896551,98,95077,2
"803","PA",2005,"Democrat",2,4022884,3930116,98,92768,2
"804","PA",2006,"Democrat",2,3892981,3794995,97,97986,3
"805","PA",2007,"Democrat",0,3949447,3846133,97,103314,3
"806","PA",2008,"Democrat",2,3926058,3800889,97,125169,3
"807","PA",2009,"Democrat",12,3608128,3467163,96,140965,4
"808","PA",2010,"Democrat",8,3736071,3572942,96,163129,4
"809","PA",2011,"Republican (2nd Gov. mid-year)",4,3727655,3547695,95,179960,5
"810","PA",2012,"Republican",1,3623830,3450693,95,173137,5
"811","PA",2013,"Republican",0,3832144,3634784,95,197360,5
"812","PA",2014,"Republican",0,3958079,3766494,95,191585,5
"813","PA",2015,"Democrat (2nd Gov. mid-year)",2,3873641,3676861,95,196780,5
"814","PA",2016,"Democrat",2,3739051,3544281,95,194770,5
"815","PA",2017,"Democrat",0,3739767,3541955,95,197812,5
"816","PA",2018,"Democrat",0,3901072,3697163,95,203909,5
"817","PA",2019,"Democrat",0,3794359,3601254,95,193105,5
"818","PA",2020,"Democrat",0,3389382,3211808,95,177574,5
"819","PA",2021,"Democrat",9,3615526,3435937,95,179589,5
"820","PA",2022,"Democrat",2,3738924,3556873,95,182051,5
"821","PA",2023,"Democrat",0,3607506,3429471,95,178035,5
"822","RI",2000,"Republican",3,205560,201074,98,4486,2
"823","RI",2001,"Republican",0,204139,200262,98,3877,2
"824","RI",2002,"Republican",0,203331,199620,98,3711,2
"825","RI",2003,"Republican",0,217784,213998,98,3786,2
"826","RI",2004,"Republican",1,215376,210876,98,4500,2
"827","RI",2005,"Republican",2,209035,207151,99,1884,1
"828","RI",2006,"Republican",4,199951,194556,97,5395,3
"829","RI",2007,"Republican",1,197786,191403,97,6383,3
"830","RI",2008,"Republican",4,194056,187773,97,6283,3
"831","RI",2009,"Republican",0,194769,187368,96,7401,4
"832","RI",2010,"Republican",1,195319,188177,96,7142,4
"833","RI",2011,"Democrat (2nd Gov. mid-year)",1,185462,178584,96,6878,4
"834","RI",2012,"Democrat",0,183397,177408,97,5989,3
"835","RI",2013,"Democrat",3,195484,189582,97,5902,3
"836","RI",2014,"Democrat",2,202362,194421,96,7941,4
"837","RI",2015,"Democrat",3,201687,192446,95,9241,5
"838","RI",2016,"Democrat",1,183572,174829,95,8743,5
"839","RI",2017,"Democrat",1,180777,171207,95,9570,5
"840","RI",2018,"Democrat",0,193934,183767,95,10167,5
"841","RI",2019,"Democrat",0,187842,176763,94,11079,6
"842","RI",2020,"Democrat",0,172609,160726,93,11883,7
"843","RI",2021,"Democrat",0,183459,171661,94,11798,6
"844","SC",2000,"Democrat",0,1604585,1522534,95,82051,5
"845","SC",2001,"Democrat",0,1555221,1493107,96,62114,4
"846","SC",2002,"Democrat",0,1593685,1522408,96,71277,4
"847","SC",2003,"Republican (2nd Gov. mid-year)",0,1585456,1506238,95,79218,5
"848","SC",2004,"Republican",0,1697642,1616315,95,81327,5
"849","SC",2005,"Republican",0,1667434,1581167,95,86267,5
"850","SC",2006,"Republican",12,1683303,1594078,95,89225,5
"851","SC",2007,"Republican",4,1662874,1574458,95,88416,5
"852","SC",2008,"Republican",2,1631932,1531781,94,100151,6
"853","SC",2009,"Republican",4,1561124,1453517,93,107607,7
"854","SC",2010,"Republican",4,1652727,1532954,93,119773,7
"855","SC",2011,"Republican",2,1612538,1484967,92,127571,8
"856","SC",2012,"Republican",1,1565404,1433720,92,131684,8
"857","SC",2013,"Republican",1,1585737,1446615,91,139122,9
"858","SC",2014,"Republican",2,1630494,1486089,91,144405,9
"859","SC",2015,"Republican",1,1649793,1512400,92,137393,8
"860","SC",2016,"Republican",0,1646697,1507810,92,138887,8
"861","SC",2017,"Republican",1,1637042,1494956,91,142086,9
"862","SD",2000,"Republican",0,226359,201722,89,24637,11
"863","SD",2001,"Republican",0,231498,214174,93,17324,7
"864","SD",2002,"Republican",0,244625,221829,91,22796,9
"865","SD",2003,"Republican",0,249667,221453,89,28214,11
"866","SD",2004,"Republican",0,262850,227406,87,35444,13
"867","SD",2005,"Republican",0,283354,243171,86,40183,14
"868","SD",2006,"Republican",2,286489,238126,83,48363,17
"869","SD",2007,"Republican",2,308666,259049,84,49617,16
"870","SD",2008,"Republican",5,330909,269196,81,61713,19
"871","SD",2009,"Republican",1,330443,255227,77,75216,23
"872","SD",2010,"Republican",4,334485,247548,74,86937,26
"873","SD",2011,"Republican",0,319103,223502,70,95601,30
"874","SD",2012,"Republican",2,324068,234372,72,89696,28
"875","SD",2013,"Republican",1,347092,259767,75,87325,25
"876","SD",2014,"Republican",0,344542,252379,73,92163,27
"877","SD",2015,"Republican",0,344341,249795,73,94546,27
"878","SD",2016,"Republican",0,337367,238055,71,99312,29
"879","SD",2017,"Republican",0,344438,243803,71,100635,29
"880","SD",2018,"Republican",0,353944,247622,70,106322,30
"881","SD",2019,"Republican",0,351091,240598,69,110493,31
"882","SD",2020,"Republican",0,338987,229365,68,109622,32
"883","SD",2021,"Republican",1,348360,220978,63,127382,37
"884","SD",2022,"Republican",0,353862,223884,63,129978,37
"885","SD",2023,"Republican",1,347163,220623,64,126540,36
"886","TN",2000,"Republican",1,2150751,2073675,96,77076,4
"887","TN",2001,"Republican",0,2158909,2068126,96,90783,4
"888","TN",2002,"Republican",0,2174381,2079913,96,94468,4
"889","TN",2003,"Democrat (2nd Gov. mid-year)",0,2165119,2061495,95,103624,5
"890","TN",2004,"Democrat",0,2208080,2096946,95,111134,5
"891","TN",2005,"Democrat",0,2272899,2160182,95,112717,5
"892","TN",2006,"Democrat",4,2273635,2172782,96,100853,4
"893","TN",2007,"Democrat",0,2303132,2208602,96,94530,4
"894","TN",2008,"Democrat",1,2235386,2122145,95,113241,5
"895","TN",2009,"Democrat",1,2010131,1882976,94,127155,6
"896","TN",2010,"Democrat",2,2184446,2059500,94,124946,6
"897","TN",2011,"Republican (2nd Gov. mid-year)",1,2115408,1985161,94,130247,6
"898","TN",2012,"Republican",1,2010247,1880406,94,129841,6
"899","TN",2013,"Republican",0,2041771,1892263,93,149508,7
"900","TN",2014,"Republican",0,2127364,1987675,93,139689,7
"901","TN",2015,"Republican",1,2098448,1958807,93,139641,7
"902","TN",2016,"Republican",0,2140236,2009397,94,130839,6
"903","TN",2017,"Republican",0,2068053,1936034,94,132019,6
"904","TN",2018,"Republican",0,2143282,2003818,93,139464,7
"905","TN",2019,"Republican",0,2093393,1959171,94,134222,6
"906","TX",2000,"Republican",4,12133169,12040653,99,92516,1
"907","TX",2001,"Republican",1,11927025,11841392,99,85633,1
"908","TX",2002,"Republican",1,12216726,12118637,99,98089,1
"909","TX",2003,"Republican",1,12006763,11912447,99,94316,1
"910","TX",2004,"Republican",1,12047529,11953349,99,94180,1
"911","TX",2005,"Republican",1,11505194,11401685,99,103509,1
"912","TX",2006,"Republican",18,11632230,11486423,99,145807,1
"913","TX",2007,"Republican",12,11711410,11529856,98,181554,2
"914","TX",2008,"Republican",7,11153070,10913233,98,239837,2
"915","TX",2009,"Republican",15,10745559,10526311,98,219248,2
"916","TX",2010,"Republican",2,11418060,11134605,98,283455,2
"917","TX",2011,"Republican",11,11623121,11294781,97,328340,3
"918","TX",2012,"Republican",4,11650027,11320590,97,329437,3
"919","TX",2013,"Republican",1,12388867,12034811,97,354056,3
"920","TX",2014,"Republican",7,12355966,11972389,97,383577,3
"921","TX",2015,"Republican",3,12469454,12075397,97,394057,3
"922","UT",2000,"Republican",4,740298,729993,99,10305,1
"923","UT",2001,"Republican",0,710796,703244,99,7552,1
"924","UT",2002,"Republican",1,690668,684004,99,6664,1
"925","UT",2003,"Republican",1,701636,695277,99,6359,1
"926","UT",2004,"Republican",1,732464,726006,99,6458,1
"927","UT",2005,"Republican",0,757644,748254,99,9390,1
"928","UT",2006,"Republican",3,775083,766111,99,8972,1
"929","UT",2007,"Republican",7,778099,768408,99,9691,1
"930","UT",2008,"Republican",1,764169,752465,98,11704,2
"931","UT",2009,"Republican",2,736713,724430,98,12283,2
"932","UT",2010,"Republican",0,746590,732839,98,13751,2
"933","UT",2011,"Republican",0,780468,762644,98,17824,2
"934","UT",2012,"Republican",1,777194,760127,98,17067,2
"935","UT",2013,"Republican",2,815970,799449,98,16521,2
"936","UT",2014,"Republican",0,786800,768400,98,18400,2
"937","UT",2015,"Republican",0,789707,767328,97,22379,3
"938","UT",2016,"Republican",0,791464,762937,96,28527,4
"939","UT",2017,"Republican",0,801129,766756,96,34373,4
"940","UT",2018,"Republican",0,821269,787246,96,34023,4
"941","UT",2019,"Republican",0,833570,799031,96,34539,4
"942","UT",2020,"Republican",0,803893,769680,96,34213,4
"943","UT",2021,"Republican",3,822925,786875,96,36050,4
"944","VA",2000,"Democrat (2nd Gov. mid-year)",2,2392470,2280257,95,112213,5
"945","VA",2001,"Democrat (2nd Gov. mid-year)",1,2322159,2233494,96,88665,4
"946","VA",2002,"Democrat (2nd Gov. mid-year)",0,2345733,2269429,97,76304,3
"947","VA",2003,"Democrat",1,2414114,2315107,96,99007,4
"948","VA",2004,"Democrat",0,2540898,2433328,96,107570,4
"949","VA",2005,"Democrat",1,2616525,2493629,95,122896,5
"950","VA",2006,"Democrat",2,2555818,2430664,95,125154,5
"951","VA",2007,"Democrat",3,2616980,2488449,95,128531,5
"952","VA",2008,"Democrat",2,2514658,2379608,95,135050,5
"953","VA",2009,"Democrat",1,2396260,2260025,94,136235,6
"954","VA",2010,"Republican (2nd Gov. mid-year)",5,2498119,2363289,95,134830,5
"955","VA",2011,"Republican (2nd Gov. mid-year)",4,2378679,2248261,95,130418,5
"956","VA",2012,"Republican (2nd Gov. mid-year)",1,2319180,2189022,94,130158,6
"957","VA",2013,"Republican (2nd Gov. mid-year)",0,2390087,2243007,94,147080,6
"958","VA",2014,"Democrat (2nd Gov. mid-year)",2,2445751,2282335,93,163416,7
"959","VA",2015,"Independent (2nd Gov. mid-year)",5,2407419,2243898,93,163521,7
"960","VA",2016,"Independent (2nd Gov. mid-year)",3,2385837,2225789,93,160048,7
"961","VA",2017,"Independent (2nd Gov. mid-year)",0,2363063,2203852,93,159211,7
"962","VA",2018,"Democrat (2nd Gov. mid-year)",0,2454395,2283081,93,171314,7
"963","VA",2019,"Democrat (2nd Gov. mid-year)",0,2422690,2264663,93,158027,7
"964","VA",2020,"Democrat",3,2239523,2076466,93,163057,7
"965","VA",2021,"Democrat",3,2388988,2214373,93,174615,7
"966","VA",2022,"Democrat",3,2449868,2264230,92,185638,8
"967","VT",2000,"Democrat",3,143500,130486,91,13014,9
"968","VT",2001,"Democrat",0,144411,133273,92,11138,8
"969","VT",2002,"Democrat",1,143803,128696,89,15107,11
"970","VT",2003,"Republican (2nd Gov. mid-year)",0,146619,130384,89,16235,11
"971","VT",2004,"Republican",1,155954,141827,91,14127,9
"972","VT",2005,"Republican",1,154552,138098,89,16454,11
"973","VT",2006,"Republican",8,151182,133257,88,17925,12
"974","VT",2007,"Republican",1,151660,136857,90,14803,10
"975","VT",2008,"Republican",1,140092,120929,86,19163,14
"976","VT",2009,"Republican",5,151042,126333,84,24709,16
"977","VT",2010,"Republican",3,150027,123833,83,26194,17
"978","VT",2011,"Democrat (2nd Gov. mid-year)",0,145839,121977,84,23862,16
"979","VT",2012,"Democrat",2,126929,105784,83,21145,17
"980","VT",2013,"Democrat",0,134383,107812,80,26571,20
"981","VT",2014,"Democrat",2,137285,111212,81,26073,19
"982","VT",2015,"Democrat",1,136341,104106,76,32235,24
"983","VT",2016,"Democrat",0,130462,100759,77,29703,23
"984","VT",2017,"Democrat",0,129063,98857,77,30206,23
"985","WA",2000,"Democrat",4,1702888,1336312,78,366576,22
"986","WA",2001,"Democrat",2,1647875,1365720,83,282155,17
"987","WA",2002,"Democrat",2,1439872,1077519,75,362353,25
"988","WA",2003,"Democrat",0,1455598,1106609,76,348989,24
"989","WA",2004,"Democrat",0,1506656,1164672,77,341984,23
"990","WA",2005,"Democrat",1,1531850,1194580,78,337270,22
"991","WA",2006,"Democrat",28,1573356,1176715,75,396641,25
"992","WA",2007,"Democrat",7,1581440,1213124,77,368316,23
"993","WA",2008,"Democrat",4,1566324,1192088,76,374236,24
"994","WA",2009,"Democrat",5,1549202,1181245,76,367957,24
"995","WA",2010,"Democrat",5,1543686,1167305,76,376381,24
"996","WA",2011,"Democrat",2,1478475,1017308,69,461167,31
"997","WA",2012,"Democrat",0,1486927,1036888,70,450039,30
"998","WA",2013,"Democrat",0,1551849,1131479,73,420370,27
"999","WA",2014,"Democrat",2,1530291,1102600,72,427691,28
"1000","WA",2015,"Democrat",6,1563625,1148080,73,415545,27
"1001","WA",2016,"Democrat",4,1636229,1191338,73,444891,27
"1002","WA",2017,"Democrat",0,1635421,1185966,73,449455,27
"1003","WA",2018,"Democrat",0,1627018,1178529,72,448489,28
"1004","WA",2019,"Democrat",0,1702185,1305968,77,396217,23
"1005","WA",2020,"Democrat",0,1419318,1013069,71,406249,29
"1006","WA",2021,"Democrat",4,1525644,1131592,74,394052,26
"1007","WA",2022,"Democrat",1,1566242,1147772,73,418470,27
"1008","WA",2023,"Democrat",2,1602662,1236706,77,365956,23
"1009","WI",2000,"Republican",8,1861007,1758805,95,102202,5
"1010","WI",2001,"Republican",0,1835152,1721432,94,113720,6
"1011","WI",2002,"Republican",1,1869261,1775662,95,93599,5
"1012","WI",2003,"Democrat (2nd Gov. mid-year)",1,1849371,1744111,94,105260,6
"1013","WI",2004,"Democrat",0,1872654,1777734,95,94920,5
"1014","WI",2005,"Democrat",0,1940762,1807771,93,132991,7
"1015","WI",2006,"Democrat",11,1849964,1720864,93,129100,7
"1016","WI",2007,"Democrat",2,1884986,1753692,93,131294,7
"1017","WI",2008,"Democrat",0,1874261,1728007,92,146254,8
"1018","WI",2009,"Democrat",6,1741700,1603769,92,137931,8
"1019","WI",2010,"Democrat",2,1783684,1617943,91,165741,9
"1020","WI",2011,"Republican (2nd Gov. mid-year)",3,1767437,1602665,91,164772,9
"1021","WI",2012,"Republican",2,1710104,1551300,91,158804,9
"1022","WI",2013,"Republican",0,1804267,1637767,91,166500,9
"1023","WI",2014,"Republican",0,1852899,1682936,91,169963,9
"1024","WI",2015,"Republican",1,1784733,1608078,90,176655,10
"1025","WI",2016,"Republican",0,1765872,1591450,90,174422,10
"1026","WI",2017,"Republican",0,1782370,1609231,90,173139,10
"1027","WI",2018,"Republican",0,1861689,1682273,90,179416,10
"1028","WI",2019,"Republican",1,1812444,1635303,90,177141,10
"1029","WV",2000,"Republican",0,732445,722853,99,9592,1
"1030","WV",2001,"Democrat (2nd Gov. mid-year)",2,726547,717964,99,8583,1
"1031","WV",2002,"Democrat",0,751113,742145,99,8968,1
"1032","WV",2003,"Democrat",0,705288,694285,98,11003,2
"1033","WV",2004,"Democrat",0,728468,717457,98,11011,2
"1034","WV",2005,"Democrat",0,731143,712896,98,18247,2
"1035","WV",2006,"Democrat",1,754206,736529,98,17677,2
"1036","WV",2007,"Democrat",1,784759,766878,98,17881,2
"1037","WV",2008,"Democrat",0,770619,747416,97,23203,3
"1038","WV",2009,"Democrat",0,697144,661212,95,35932,5
"1039","WV",2010,"Democrat",1,743395,705655,95,37740,5
"1040","WV",2015,"Democrat",0,758971,730047,96,28924,4
"1041","WV",2016,"Democrat",0,752461,721857,96,30604,4
"1042","WV",2017,"Republican (2nd Gov. mid-year)",0,742075,711474,96,30601,4
"1043","WV",2018,"Republican",0,818371,784538,96,33833,4
"1044","WV",2019,"Republican",0,817732,785833,96,31899,4
"1045","WV",2020,"Republican",0,786352,760343,97,26009,3
"1046","WV",2021,"Republican",0,835873,809446,97,26427,3
"1047","WV",2022,"Republican",0,829676,801285,97,28391,3
"1048","WV",2023,"Republican",0,832806,804436,97,28370,3
"1049","WY",2000,"Republican",0,425392,418914,98,6478,2
"1050","WY",2001,"Republican",0,435687,429641,99,6046,1
"1051","WY",2002,"Republican",0,436429,431121,99,5308,1
"1052","WY",2003,"Democrat (2nd Gov. mid-year)",2,459188,453995,99,5193,1
"1053","WY",2004,"Democrat",0,448135,442086,99,6049,1
"1054","WY",2005,"Democrat",0,453595,444357,98,9238,2
"1055","WY",2006,"Democrat",1,474497,465361,98,9136,2
"1056","WY",2007,"Democrat",5,520180,510838,98,9342,2
"1057","WY",2008,"Democrat",2,533990,523107,98,10883,2
"1058","WY",2009,"Democrat",1,516461,501706,97,14755,3
"1059","WY",2010,"Democrat",0,530410,511560,96,18850,4
"1060","WY",2011,"Republican (2nd Gov. mid-year)",2,543253,518268,95,24985,5
"1061","WY",2012,"Republican",0,539195,515898,96,23297,4
"1062","WY",2013,"Republican",0,529026,505778,96,23248,4
"1063","WY",2014,"Republican",0,524393,500617,95,23776,5
"1064","WY",2015,"Republican",0,496831,471856,95,24975,5
"1065","WY",2016,"Republican",0,492957,465828,94,27129,6
"1066","WY",2017,"Republican",0,522657,494953,95,27704,5
"1067","WY",2018,"Republican",0,546375,520240,95,26135,5
"1068","WY",2019,"Republican",1,534214,506558,95,27656,5
