State,1960,1961,1962,1963,1964,1965,1966,1967,1968,1969,1970,1971,1972,1973,1974,1975,1976,1977,1978,1979,1980,1981,1982,1983,1984,1985,1986,1987,1988,1989,1990,1991,1992,1993,1994,1995,1996,1997,1998,1999,2000,2001,2002,2003,2004,2005,2006,2007,2008,2009,2010,2011,2012,2013,2014,2015,2016,2017,2018,2019,2020,2021,2022,2023
AK,"59,303","70,020","76,642","78,488","82,793","85,319","100,481","112,625","119,992","154,232","179,470","198,395","211,964","194,968","199,194","229,676","251,979","289,893","320,731","296,592","291,985","275,504","405,103","433,409","478,019","469,166","498,563","493,105","514,932","570,067","577,270","596,366","620,875","614,626","613,753","694,594","709,979","701,267","715,652","719,766","735,260","726,418","723,166","722,838","765,107","788,012","738,306","714,615","642,737","631,141","629,323","631,768","620,717","587,689","585,727","603,471","582,349","590,557","593,777","595,801","626,207","684,975","730,277","746,978"
AL,"842,283","806,682","853,424","885,811","949,411","1,011,125","1,055,347","1,100,904","1,208,038","1,298,562","1,349,405","1,338,719","1,430,589","1,479,232","1,493,276","1,465,789","1,503,723","1,584,720","1,589,735","1,600,732","1,597,446","1,560,204","1,450,995","1,395,242","1,493,906","1,475,311","1,458,334","1,541,794","1,616,129","1,638,956","1,599,432","1,618,216","1,691,870","1,744,734","1,822,330","1,907,458","1,935,016","1,903,449","1,946,380","2,002,228","2,065,056","1,859,587","1,920,029","1,897,040","2,017,765","2,018,912","2,050,932","2,067,485","1,976,589","1,749,863","1,906,324","1,882,660","1,863,224","1,882,183","1,930,039","1,880,980","1,895,651","1,867,860","1,912,733","1,883,685","1,795,668","1,927,858","1,904,247","1,860,171"
AR,"417,153","423,192","446,994","474,761","515,874","515,759","553,146","581,814","620,382","664,066","691,896","682,389","725,860","801,202","777,116","763,584","818,585","867,684","863,565","849,130","834,372","801,407","768,781","770,586","774,080","768,517","739,016","718,177","801,908","863,033","829,674","818,074","847,533","912,973","951,014","1,002,777","1,025,669","1,039,783","1,061,551","1,083,254","1,124,742","1,078,834","1,095,219","1,083,763","1,069,229","1,094,815","1,103,064","1,108,782","1,082,215","1,019,337","1,108,861","1,114,972","1,064,636","1,092,194","1,108,392","1,043,382","1,036,535","1,043,618","1,102,555","1,077,563","1,012,312","1,057,206","1,058,036","1,049,897"
AZ,"273,431","294,660","313,581","337,213","357,961","362,858","390,820","400,280","442,172","481,370","502,886","534,558","595,492","648,638","650,824","634,126","667,849","720,003","724,401","761,540","729,272","762,578","717,832","726,638","772,368","813,921","822,415","838,472","881,963","912,149","912,983","923,446","954,555","968,200","1,020,281","1,051,644","1,112,722","1,125,743","1,185,968","1,235,022","1,289,942","1,302,269","1,298,175","1,319,572","1,372,363","1,411,695","1,457,800","1,466,903","1,433,406","1,351,254","1,404,430","1,430,525","1,405,648","1,422,635","1,424,922","1,443,936","1,465,473","1,465,780","1,477,247","1,495,891","1,439,270","1,482,635","1,512,022","1,526,567"
CA,"3,360,697","3,513,822","3,623,382","3,825,677","4,112,125","4,267,121","4,525,141","4,703,411","4,979,463","5,206,803","5,349,033","5,585,821","5,709,669","5,890,331","5,651,469","5,852,102","6,017,642","6,232,973","6,313,568","6,565,989","6,383,232","6,183,021","5,899,763","5,907,152","6,351,329","6,439,167","6,335,080","6,795,178","7,018,321","7,265,036","7,120,826","7,011,231","7,020,561","6,715,658","6,974,865","6,837,236","6,926,290","7,063,176","7,331,105","7,365,674","7,504,612","7,610,078","7,595,049","7,454,129","7,835,668","7,741,970","7,785,762","7,923,319","7,748,640","7,429,624","7,269,474","7,186,089","7,072,294","7,141,028","7,053,028","7,136,949","7,136,403","7,145,251","7,292,387","7,231,426","6,432,232","6,778,725","6,855,767","6,816,746"
CO,"417,013","453,816","459,822","457,373","488,833","498,729","521,816","543,833","611,043","635,561","663,966","676,838","740,855","786,248","768,388","765,161","800,732","820,659","831,741","836,818","818,498","795,488","807,902","804,336","841,649","846,243","835,101","845,282","881,005","892,223","933,527","980,904","984,390","1,048,764","1,053,680","1,075,533","1,125,733","1,119,835","1,172,701","1,191,909","1,257,656","1,358,653","1,358,529","1,360,444","1,388,345","1,419,633","1,432,297","1,463,502","1,451,814","1,430,787","1,480,944","1,426,494","1,394,248","1,420,259","1,431,962","1,439,256","1,394,462","1,398,847","1,447,460","1,484,292","1,346,989","1,386,460","1,427,520","1,368,260"
CT,"496,298","505,953","523,254","532,247","549,692","554,317","593,831","606,150","630,827","647,335","673,492","660,770","695,699","721,282","690,428","666,939","721,053","731,889","748,555","735,534","708,289","676,092","673,204","662,588","691,613","702,339","717,725","744,352","778,584","790,516","772,489","772,348","807,110","793,436","796,851","779,891","807,830","796,695","783,855","829,664","841,087","826,501","811,464","888,123","903,011","871,777","816,420","838,749","770,340","763,039","767,391","740,235","726,431","744,609","748,682","754,318","721,597","724,034","750,341","729,892","664,819","698,947","717,542","688,978"
DC,"115,737","113,840","115,913","116,637","127,494","153,758","164,156","176,165","175,877","188,885","199,069","192,227","181,958","186,586","164,342","156,103","157,938","158,285","153,934","146,139","146,689","143,116","156,109","154,037","158,980","158,697","167,001","167,535","169,107","173,198","180,636","186,181","187,410","194,596","189,663","191,627","183,930","180,824","182,578","185,034","194,839","190,410","191,595","188,466","196,183","196,028","181,712","189,393","178,021","180,615","184,241","174,692","163,794","166,316","170,057","169,442","163,726","155,197","162,007","157,329","132,167","139,881","141,151","135,231"
DE,"153,726","147,678","158,977","169,737","169,803","180,486","188,475","182,891","201,693","213,604","213,921","216,325","226,448","240,308","222,261","212,526","223,383","223,234","220,704","239,047","236,880","190,684","181,170","191,692","214,173","209,389","210,957","222,263","229,414","235,488","251,171","254,456","260,364","265,800","261,025","262,221","271,563","271,024","271,046","283,315","303,879","290,543","304,848","300,832","287,001","297,787","285,714","291,538","288,650","255,701","263,028","281,046","279,916","276,655","276,390","280,223","276,692","274,259","292,745","291,587","263,799","281,104","275,185","268,494"
FL,"783,376","820,633","917,001","962,029","1,013,935","1,071,226","1,138,189","1,174,126","1,297,961","1,393,446","1,513,915","1,603,057","1,730,274","1,917,545","1,842,485","1,853,431","1,982,044","2,153,266","2,244,444","2,339,943","2,426,745","2,400,474","2,303,770","2,349,196","2,446,324","2,601,036","2,677,412","2,779,486","2,960,574","3,143,302","3,275,218","3,236,549","3,306,983","3,338,698","3,458,320","3,604,864","3,677,088","3,699,302","3,850,212","3,907,612","4,067,861","4,051,572","4,161,068","4,180,999","4,334,599","4,406,875","4,460,801","4,405,230","4,250,476","4,099,568","4,306,461","4,152,538","4,053,146","4,113,052","4,158,101","4,309,044","4,344,665","4,324,444","4,412,536","4,338,168","3,954,655","4,256,909","4,334,307","4,301,743"
GA,"681,860","686,173","742,616","781,362","833,715","890,335","969,858","1,030,780","1,120,406","1,189,279","1,240,557","1,305,275","1,391,743","1,510,176","1,445,621","1,438,784","1,504,233","1,589,996","1,634,584","1,682,673","1,668,806","1,648,041","1,623,407","1,688,045","1,813,511","1,874,526","1,891,913","1,995,372","2,091,376","2,160,879","2,188,433","2,176,941","2,217,975","2,373,461","2,395,160","2,578,340","2,726,850","2,709,444","2,744,268","2,779,826","2,901,427","2,797,716","2,912,009","2,923,139","3,065,310","3,080,403","3,067,394","3,061,401","2,926,774","2,884,852","3,117,670","2,999,215","2,817,024","2,868,107","2,940,286","2,945,148","2,910,005","2,880,666","2,946,672","2,903,162","2,656,941","2,763,082","2,842,621","2,838,817"
HI,"94,640","113,578","108,141","114,103","122,620","129,824","144,691","163,104","182,141","190,159","196,184","211,042","217,426","223,651","211,458","213,754","219,397","232,732","236,388","255,980","261,744","236,151","217,460","220,552","231,705","247,820","244,655","248,796","289,021","309,045","320,661","294,400","305,433","281,060","296,649","294,338","280,503","270,917","270,821","267,015","270,704","267,970","283,505","299,086","312,623","322,560","324,507","334,047","272,843","272,233","293,799","297,688","290,679","293,465","285,390","288,390","289,064","295,483","294,240","296,556","219,357","255,846","270,303","272,874"
IA,"589,195","586,832","612,223","630,303","654,469","680,139","683,755","730,492","764,778","802,579","831,027","841,352","883,091","941,425","925,213","917,581","956,316","961,845","938,650","1,015,722","959,968","945,569","941,125","921,964","910,783","875,272","878,360","886,824","960,660","918,981","941,873","978,008","968,775","1,033,373","1,062,480","1,100,958","1,142,304","1,129,820","1,141,438","1,188,691","1,186,019","1,157,637","1,183,045","1,179,269","1,232,893","1,259,846","1,281,045","1,354,377","1,412,115","1,398,438","1,441,943","1,441,350","1,358,008","1,430,460","1,444,090","1,404,875","1,413,694","1,450,807","1,520,994","1,503,136","1,349,801","1,385,940","1,426,881","1,405,284"
ID,"181,977","193,392","201,192","203,722","220,220","224,114","234,465","254,143","274,456","273,043","283,123","297,493","319,731","323,593","331,607","343,621","347,893","355,486","357,228","370,680","334,792","347,367","333,178","327,933","330,482","340,363","327,985","333,521","354,967","386,190","340,787","350,770","371,064","366,600","393,148","386,129","400,574","395,691","415,600","434,818","466,227","449,829","432,653","410,104","442,107","452,949","447,801","475,593","468,048","428,088","455,512","421,540","427,551","455,268","444,839","467,796","463,480","468,777","467,171","485,120","462,867","490,373","512,667","505,344"
IL,"2,470,864","2,504,146","2,595,952","2,660,868","2,786,619","2,957,154","3,115,310","3,235,878","3,371,320","3,545,323","3,606,919","3,626,688","3,833,254","3,922,291","3,848,522","3,756,882","3,924,044","4,024,163","4,103,957","3,956,004","3,677,167","3,463,727","3,295,717","3,363,793","3,401,645","3,346,836","3,325,624","3,393,980","3,633,357","3,536,169","3,611,525","3,677,262","3,649,626","3,752,683","3,772,943","3,885,782","3,969,450","3,937,179","3,852,291","4,023,131","4,028,341","3,904,632","3,919,273","3,944,694","3,992,115","4,138,872","3,988,635","4,075,892","4,070,403","3,841,146","3,957,104","3,934,122","3,803,647","3,962,061","4,038,082","3,870,603","3,874,872","3,832,517","3,961,761","3,887,683","3,549,235","3,636,248","3,676,428","3,486,989"
IN,"1,503,173","1,522,771","1,549,590","1,604,646","1,682,470","1,762,170","1,882,381","1,909,401","2,000,493","2,107,983","2,171,749","2,184,587","2,383,665","2,421,144","2,371,441","2,314,295","2,349,341","2,437,182","2,477,026","2,527,022","2,343,506","2,306,266","2,114,799","2,128,513","2,210,675","2,245,045","2,204,836","2,330,405","2,439,515","2,461,663","2,486,534","2,468,749","2,456,593","2,566,462","2,553,094","2,618,357","2,700,030","2,679,932","2,670,088","2,780,767","2,863,912","2,767,007","2,853,599","2,934,671","2,927,611","2,921,512","2,856,693","2,955,502","2,912,828","2,700,448","2,831,825","2,801,444","2,714,667","2,839,736","2,881,921","2,786,382","2,733,573","2,630,940","2,769,007","2,732,665","2,502,122","2,649,708","2,622,566","2,555,897"
KS,"620,381","606,876","626,981","628,491","643,831","709,644","749,649","707,552","778,395","821,929","856,728","889,706","942,729","947,894","938,726","903,571","952,921","965,754","1,017,039","1,112,522","1,001,634","927,844","921,758","891,881","993,087","990,991","952,845","997,525","1,053,533","1,023,345","1,074,330","1,070,386","1,057,319","1,085,811","1,111,782","1,078,330","1,109,621","1,101,084","1,088,778","1,108,236","1,116,017","1,063,512","1,096,710","1,137,937","1,119,126","1,064,258","1,089,261","1,150,829","1,108,904","1,072,050","1,090,138","1,074,483","1,036,924","1,045,632","1,076,152","1,041,248","1,018,002","985,787","1,044,236","1,031,443","970,610","968,269","1,002,713","973,356"
KY,"779,353","775,993","793,930","848,634","851,579","861,120","870,415","916,069","975,596","1,032,370","1,065,453","1,074,826","1,157,521","1,191,967","1,178,145","1,221,092","1,344,030","1,370,843","1,351,921","1,384,575","1,321,263","1,253,701","1,212,027","1,223,762","1,322,041","1,285,182","1,260,043","1,303,513","1,385,250","1,464,594","1,469,560","1,491,458","1,556,815","1,599,201","1,645,098","1,719,009","1,737,381","1,746,301","1,705,476","1,798,735","1,787,820","1,807,989","1,959,802","1,895,859","1,971,977","1,997,945","1,992,266","2,031,787","1,993,954","1,906,534","1,984,909","1,915,801","1,881,539","1,820,409","1,761,788","1,710,943","1,684,010","1,631,641","1,716,399","1,683,555","1,542,617","1,646,871","1,671,827","1,611,130"
LA,"1,486,803","1,548,642","1,560,868","1,728,650","1,846,112","1,810,100","1,949,810","2,207,245","2,390,970","2,665,151","2,799,666","2,856,667","3,040,208","3,274,473","3,359,124","3,063,639","3,492,740","3,900,298","4,047,994","3,996,684","3,859,310","3,911,456","3,577,091","3,369,520","3,513,860","3,286,756","3,447,675","3,520,246","3,564,281","3,712,321","3,699,880","3,703,937","3,813,285","3,875,810","4,014,247","4,058,533","4,227,956","4,319,442","4,040,905","4,021,156","4,327,069","3,818,697","3,952,583","3,804,200","4,005,138","3,849,720","4,021,734","4,275,672","4,215,291","4,021,054","4,111,598","4,124,451","3,995,750","3,904,336","3,922,318","3,896,246","4,011,551","4,180,645","4,219,960","4,257,243","4,178,183","4,257,173","4,272,592","4,166,787"
MA,"1,033,978","1,058,961","1,089,545","1,061,964","1,097,307","1,220,575","1,223,415","1,298,002","1,345,380","1,370,926","1,432,704","1,459,375","1,511,923","1,546,784","1,437,544","1,383,944","1,464,965","1,460,758","1,439,688","1,276,603","1,215,036","1,185,369","1,197,842","1,191,163","1,254,053","1,279,641","1,346,945","1,372,951","1,398,947","1,424,934","1,405,515","1,365,471","1,433,608","1,435,011","1,440,816","1,425,706","1,443,362","1,443,663","1,418,374","1,436,226","1,523,680","1,507,350","1,518,565","1,486,093","1,485,410","1,491,401","1,417,140","1,447,013","1,421,299","1,360,232","1,417,330","1,389,041","1,349,790","1,414,648","1,420,461","1,436,590","1,388,509","1,386,997","1,415,642","1,414,088","1,218,298","1,281,157","1,323,388","1,282,732"
MD,"683,608","685,585","732,721","759,786","806,747","840,691","880,371","892,165","945,236","996,742","1,039,496","1,073,435","1,092,444","1,183,548","1,089,368","1,036,139","1,115,751","1,104,355","1,122,939","1,187,270","1,124,055","1,109,788","1,064,981","1,079,271","1,153,479","1,125,401","1,144,837","1,215,720","1,258,601","1,283,006","1,251,922","1,256,583","1,246,381","1,298,604","1,304,324","1,324,983","1,348,704","1,360,692","1,367,319","1,407,012","1,443,517","1,438,122","1,514,196","1,560,860","1,544,267","1,576,776","1,460,946","1,486,507","1,443,383","1,431,461","1,462,765","1,395,912","1,358,065","1,379,305","1,390,976","1,388,315","1,346,428","1,297,833","1,342,823","1,311,993","1,164,157","1,220,595","1,207,626","1,182,581"
ME,"221,342","234,232","227,233","230,263","232,154","221,878","233,856","245,188","259,100","275,865","289,310","340,995","367,249","365,405","340,255","310,880","365,850","383,377","370,296","348,846","367,076","366,431","410,302","374,088","401,679","407,955","428,362","418,390","470,989","461,237","408,073","414,907","429,331","433,680","443,192","409,737","435,907","418,836","395,645","408,243","443,007","412,740","418,306","414,953","428,475","429,464","407,733","429,579","429,493","389,563","395,546","393,616","375,922","390,870","389,665","399,556","368,409","355,026","356,505","350,692","323,501","332,964","327,804","328,596"
MI,"1,807,087","1,832,569","1,936,398","2,024,571","2,088,875","2,220,213","2,371,476","2,424,947","2,561,233","2,660,550","2,631,714","2,720,909","2,892,779","2,982,355","2,832,773","2,786,536","2,907,725","2,813,992","2,869,501","2,852,154","2,758,218","2,611,653","2,454,460","2,442,953","2,522,093","2,568,068","2,582,748","2,580,011","2,759,585","2,782,516","2,853,863","2,789,697","2,837,833","2,836,830","2,860,192","2,989,872","3,094,114","3,094,258","3,043,942","3,209,383","3,211,610","3,092,545","3,148,731","3,187,033","3,152,951","3,203,878","3,032,895","3,013,504","2,905,605","2,679,168","2,774,343","2,810,874","2,703,263","2,843,130","2,880,439","2,792,943","2,771,665","2,760,178","2,873,868","2,840,026","2,561,344","2,659,383","2,712,402","2,543,241"
MN,"708,144","712,762","749,533","759,016","798,302","845,723","902,125","906,385","967,720","1,054,849","1,080,497","1,119,593","1,180,510","1,228,840","1,205,489","1,212,678","1,262,619","1,233,709","1,318,580","1,317,715","1,192,251","1,145,104","1,150,235","1,149,001","1,211,934","1,223,172","1,210,175","1,219,310","1,325,608","1,356,678","1,399,749","1,423,114","1,432,163","1,476,438","1,512,190","1,601,592","1,669,382","1,638,039","1,613,948","1,682,954","1,735,761","1,706,313","1,767,476","1,843,962","1,846,595","1,851,444","1,821,508","1,869,802","1,874,372","1,742,930","1,813,361","1,792,762","1,747,882","1,821,090","1,868,616","1,745,523","1,770,116","1,779,751","1,857,588","1,822,664","1,640,945","1,722,694","1,756,496","1,689,356"
MO,"882,051","880,518","919,709","934,347","968,096","1,019,627","1,076,732","1,103,664","1,182,279","1,233,036","1,276,655","1,291,913","1,349,056","1,384,669","1,361,033","1,372,275","1,434,811","1,476,138","1,517,527","1,491,649","1,382,603","1,327,220","1,317,373","1,314,353","1,336,767","1,365,000","1,364,511","1,393,615","1,467,533","1,471,793","1,490,887","1,531,142","1,520,209","1,619,168","1,643,126","1,702,651","1,791,633","1,789,852","1,832,896","1,875,522","1,826,062","1,856,035","1,868,202","1,879,317","1,884,851","1,974,667","1,966,264","1,977,175","1,934,242","1,830,471","1,909,924","1,854,082","1,777,037","1,837,558","1,898,451","1,812,747","1,761,978","1,722,939","1,836,631","1,772,045","1,654,294","1,696,141","1,729,607","1,681,954"
MS,"396,572","402,528","427,940","462,800","501,790","498,462","553,102","564,500","629,570","666,632","727,934","765,301","809,594","826,443","793,510","748,989","757,338","801,880","827,464","856,438","812,052","797,416","789,869","793,376","833,356","814,503","822,593","848,586","900,034","936,818","1,015,128","1,037,042","1,062,132","1,071,986","1,089,406","1,114,962","1,137,369","1,138,146","1,136,123","1,229,948","1,242,230","1,132,668","1,170,397","1,201,624","1,206,056","1,173,361","1,209,261","1,223,586","1,163,638","1,110,149","1,153,321","1,126,395","1,112,775","1,089,942","1,102,348","1,085,094","1,071,655","1,067,882","1,104,397","1,092,194","1,035,679","1,081,477","1,098,269","1,074,319"
MT,"220,333","234,519","240,602","245,316","256,075","250,103","266,480","250,987","270,828","302,483","311,713","322,501","331,660","338,463","340,442","334,512","354,415","353,003","372,821","386,570","350,058","327,595","306,076","312,450","345,422","358,129","340,169","320,003","333,710","341,882","310,458","313,553","318,520","329,278","340,383","350,916","345,335","327,595","351,575","353,885","372,039","335,079","347,138","349,542","371,586","389,848","405,771","433,895","419,269","389,891","373,201","362,401","357,211","369,323","364,263","368,124","368,963","381,910","393,240","405,678","371,144","379,133","388,515","382,218"
NC,"799,267","830,969","871,813","899,883","933,233","964,796","1,053,561","1,095,373","1,167,204","1,230,716","1,291,421","1,347,835","1,424,361","1,493,355","1,437,788","1,395,969","1,499,019","1,586,305","1,606,288","1,671,887","1,607,409","1,572,321","1,525,783","1,594,752","1,727,564","1,733,345","1,810,587","1,904,817","1,991,109","1,997,506","2,009,568","2,005,519","2,100,066","2,194,539","2,189,090","2,318,862","2,400,141","2,384,048","2,433,538","2,462,256","2,587,711","2,529,858","2,545,210","2,542,759","2,626,745","2,661,860","2,619,752","2,661,571","2,671,034","2,513,686","2,716,889","2,588,774","2,499,341","2,503,234","2,557,339","2,548,314","2,561,023","2,507,091","2,595,129","2,566,245","2,363,742","2,519,796","2,578,739","2,472,784"
ND,"157,619","152,928","162,869","168,646","169,931","167,116","178,017","181,987","188,870","189,103","187,555","191,459","199,729","198,105","199,613","201,994","206,149","206,944","225,184","233,000","217,515","231,283","228,322","224,044","252,723","294,248","297,764","298,035","302,110","313,743","309,734","319,574","326,186","329,622","338,628","345,525","347,336","353,277","343,412","370,208","377,163","404,329","397,570","396,611","400,176","405,595","411,170","432,847","436,772","424,254","459,000","505,928","529,650","570,946","613,985","583,751","555,107","595,110","624,149","641,160","619,246","653,347","675,385","703,926"
NE,"301,500","308,179","319,984","327,610","339,293","339,976","381,090","376,563","413,164","443,915","475,135","482,962","497,611","510,150","504,806","511,589","541,770","546,830","543,846","532,397","494,171","465,352","477,177","486,000","490,603","486,078","468,296","483,697","524,318","520,576","526,493","536,262","525,031","553,948","576,203","604,571","634,831","648,029","664,539","654,753","658,506","657,462","669,254","679,281","691,976","698,718","714,178","754,246","792,458","773,922","858,000","848,376","837,542","856,122","859,049","835,564","846,564","838,416","873,966","866,742","813,101","843,971","848,127","840,136"
NH,"107,928","115,890","123,905","129,305","128,888","126,838","140,294","144,456","154,293","170,493","180,712","194,757","205,749","209,977","199,251","194,707","219,987","224,652","226,432","203,952","201,554","193,876","193,836","196,403","216,320","225,858","244,164","265,948","266,934","264,689","256,611","246,331","255,293","255,507","257,447","261,569","271,947","272,487","275,386","286,067","302,941","301,533","310,926","320,333","327,923","320,450","302,739","305,098","296,396","292,087","294,182","291,327","282,660","299,764","307,962","310,768","301,534","310,340","318,213","312,436","285,472","292,720","297,703","294,907"
NJ,"1,274,609","1,332,548","1,428,980","1,470,211","1,505,162","1,532,604","1,630,216","1,725,549","1,798,696","1,848,209","1,929,599","1,919,350","2,029,139","2,071,090","1,926,195","1,831,450","2,021,898","1,968,184","1,973,434","1,986,355","1,995,676","1,982,663","2,013,148","2,030,471","2,131,621","2,089,931","2,150,686","2,232,310","2,255,080","2,306,618","2,249,404","2,277,391","2,362,094","2,372,788","2,482,511","2,474,928","2,456,095","2,472,747","2,451,070","2,561,343","2,477,618","2,452,615","2,479,729","2,507,742","2,551,491","2,647,662","2,531,346","2,655,233","2,581,953","2,360,786","2,277,813","2,261,325","2,154,878","2,198,547","2,212,385","2,166,983","2,125,088","2,071,086","2,171,789","2,074,884","1,862,114","1,965,465","2,024,328","1,982,296"
NM,"323,169","334,528","369,973","364,506","359,398","347,785","370,504","401,452","430,120","422,128","451,606","461,632","493,785","469,880","467,620","451,285","501,068","467,093","467,297","472,433","472,378","464,979","455,822","462,862","463,457","455,983","444,217","476,333","502,383","524,849","596,714","589,783","586,608","601,669","590,170","581,611","604,479","643,472","635,425","639,172","661,807","660,774","658,663","659,610","682,293","681,623","686,722","708,988","669,937","637,573","644,615","661,374","657,153","660,840","667,442","667,386","652,846","657,837","667,998","702,099","655,082","680,597","683,757","680,489"
NV,"87,617","100,725","108,573","118,670","128,628","125,061","139,218","144,122","157,238","169,732","182,916","193,870","209,569","225,133","224,082","228,785","241,868","250,217","273,496","286,643","281,546","277,180","278,926","288,937","289,442","292,696","292,872","321,094","344,745","377,634","394,592","402,012","417,828","439,144","478,446","491,511","535,413","537,352","554,912","578,338","603,315","609,458","603,491","633,191","667,681","687,650","719,850","709,143","674,324","624,799","669,780","656,117","650,980","665,141","667,599","654,144","676,850","699,273","714,668","715,008","643,507","687,606","706,539","689,433"
NY,"2,914,062","3,016,727","3,150,784","3,221,952","3,294,366","3,568,359","3,772,403","3,849,083","3,949,912","4,086,229","4,190,449","4,133,363","4,155,515","4,305,711","4,005,848","3,807,220","4,116,948","4,111,550","4,093,007","3,871,143","3,762,828","3,577,832","3,415,363","3,229,532","3,288,883","3,407,622","3,450,061","3,568,406","3,668,613","3,672,818","3,568,067","3,508,914","3,588,577","3,604,951","3,557,921","3,609,870","3,735,534","3,799,956","3,738,533","3,887,014","3,966,053","3,859,806","3,854,372","3,992,726","4,094,407","3,977,272","3,687,714","3,785,871","3,691,737","3,503,947","3,690,774","3,557,476","3,412,306","3,543,324","3,651,925","3,655,768","3,578,728","3,559,511","3,733,207","3,630,879","3,141,560","3,344,919","3,455,050","3,436,991"
OH,"2,904,700","2,809,331","2,941,625","3,023,875","3,123,375","3,273,340","3,449,182","3,441,912","3,609,850","3,745,443","3,824,828","3,756,896","4,008,084","4,098,228","4,064,582","3,853,767","4,087,540","4,101,157","4,159,091","4,146,177","3,845,609","3,749,271","3,399,416","3,324,778","3,523,339","3,512,900","3,480,380","3,611,227","3,760,180","3,846,114","3,807,991","3,806,874","3,853,846","3,904,883","4,011,173","4,091,597","4,164,743","4,145,594","4,065,311","4,218,414","4,259,607","3,999,662","3,939,151","4,007,179","4,039,591","4,069,541","3,911,618","4,037,709","3,987,333","3,651,766","3,774,055","3,728,725","3,580,052","3,657,072","3,761,488","3,659,083","3,610,452","3,556,367","3,697,336","3,578,240","3,350,439","3,491,975","3,515,032","3,381,273"
OK,"570,253","571,668","679,452","755,827","789,094","759,172","729,559","746,296","826,054","866,037","918,230","942,838","994,638","999,851","1,035,404","1,041,759","1,136,324","1,203,198","1,238,677","1,294,922","1,184,801","1,218,882","1,280,027","1,275,509","1,286,192","1,265,482","1,171,141","1,229,995","1,267,959","1,296,947","1,373,988","1,309,387","1,318,460","1,371,540","1,386,250","1,359,274","1,424,141","1,425,632","1,426,637","1,411,593","1,471,342","1,492,091","1,446,109","1,477,033","1,455,534","1,507,364","1,553,651","1,546,213","1,550,694","1,460,984","1,542,211","1,537,902","1,515,448","1,542,829","1,604,125","1,538,143","1,512,185","1,514,805","1,582,673","1,541,326","1,443,997","1,490,656","1,519,985","1,519,146"
OR,"448,836","462,845","485,305","504,524","553,155","564,303","603,370","615,524","661,493","699,391","719,933","761,404","803,933","821,882","798,882","826,807","847,915","857,121","915,806","940,450","909,316","905,885","868,760","830,013","897,725","882,005","863,838","912,212","966,215","967,840","724,030","737,561","797,636","788,803","834,131","776,033","791,719","796,072","854,246","861,362","875,026","843,152","802,635","790,533","802,333","833,558","825,499","848,545","833,313","802,266","786,172","757,856","750,369","784,796","773,334","782,114","785,750","823,286","819,942","850,720","782,885","831,873","843,766","875,020"
PA,"3,191,998","3,083,666","3,188,394","3,326,333","3,519,260","3,655,092","3,755,282","3,730,077","3,873,388","3,885,484","4,011,161","3,943,812","4,087,324","4,193,580","4,011,866","3,807,038","4,064,560","4,049,871","4,032,978","4,153,792","3,902,697","3,721,527","3,262,803","3,268,853","3,501,839","3,345,824","3,286,424","3,472,305","3,643,313","3,652,258","3,632,889","3,574,762","3,672,203","3,743,720","3,815,840","3,878,039","3,908,529","3,878,568","3,718,943","3,761,268","3,930,803","3,841,084","3,899,649","3,943,918","3,991,628","4,022,884","3,892,981","3,949,447","3,926,058","3,608,128","3,736,071","3,727,655","3,623,830","3,832,144","3,958,079","3,873,641","3,739,051","3,739,767","3,901,072","3,794,359","3,389,382","3,615,526","3,738,924","3,607,506"
RI,"184,099","169,743","177,427","177,326","174,692","169,622","171,467","189,080","193,507","205,740","217,567","230,069","231,335","226,512","209,842","200,800","210,284","219,239","207,772","196,506","180,800","170,799","169,678","175,193","186,785","199,491","201,135","211,443","219,388","212,031","212,245","218,425","245,916","202,097","240,772","229,566","220,082","217,849","226,630","226,772","205,560","204,139","203,331","217,784","215,376","209,035","199,951","197,786","194,056","194,769","195,319","185,462","183,397","195,484","202,362","201,687","183,572","180,777","193,934","187,842","172,609","183,459","188,272","182,950"
SC,"470,644","486,981","518,785","540,390","538,601","533,177","572,958","579,648","630,476","672,012","718,023","749,231","801,954","852,344","821,219","804,343","929,387","972,082","959,296","950,123","962,593","967,265","929,981","959,336","1,023,171","1,035,203","1,097,582","1,139,526","1,201,940","1,202,893","1,250,119","1,275,640","1,291,013","1,351,188","1,350,728","1,405,544","1,445,918","1,495,020","1,538,769","1,557,091","1,604,585","1,555,221","1,593,685","1,585,456","1,697,642","1,667,434","1,683,303","1,662,874","1,631,932","1,561,124","1,652,727","1,612,538","1,565,404","1,585,737","1,630,494","1,649,793","1,646,697","1,637,042","1,656,463","1,621,169","1,507,922","1,604,086","1,628,035","1,603,946"
SD,"126,329","128,938","133,739","137,535","140,792","136,825","143,217","142,214","149,953","156,092","164,997","166,139","175,091","172,844","168,036","176,753","190,485","193,013","200,780","199,907","185,695","174,195","185,559","179,181","182,857","189,618","189,724","190,735","201,296","209,498","192,425","189,426","194,272","214,317","204,684","204,588","209,718","204,290","206,384","212,078","226,359","231,498","244,625","249,667","262,850","283,354","286,489","308,666","330,909","330,443","334,485","319,103","324,068","347,092","344,542","344,341","337,367","344,438","353,944","351,091","338,987","348,360","353,862","347,163"
TN,"901,868","918,819","952,585","1,002,040","1,027,256","1,073,130","1,169,002","1,168,508","1,222,239","1,272,904","1,299,734","1,304,583","1,407,370","1,544,553","1,500,823","1,530,956","1,641,347","1,718,508","1,692,164","1,730,672","1,656,048","1,630,754","1,541,882","1,582,505","1,664,445","1,650,687","1,639,259","1,660,819","1,731,416","1,772,389","1,730,495","1,722,162","1,775,827","1,815,778","1,845,442","1,882,763","1,974,588","1,960,857","2,043,128","2,103,753","2,150,751","2,158,909","2,174,381","2,165,119","2,208,080","2,272,899","2,273,635","2,303,132","2,235,386","2,010,131","2,184,446","2,115,408","2,010,247","2,041,771","2,127,364","2,098,448","2,140,236","2,068,053","2,143,282","2,093,393","1,940,366","2,100,903","2,106,213","2,058,049"
TX,"4,360,558","4,390,700","4,574,179","4,826,435","4,940,057","5,130,088","5,473,345","5,780,021","6,168,197","6,536,713","6,800,662","7,100,513","7,484,526","8,104,240","7,935,781","7,353,715","7,688,266","8,351,949","8,780,868","9,148,063","9,217,160","8,985,609","8,273,319","8,192,171","8,735,160","8,824,053","8,816,504","9,079,399","9,671,414","9,919,203","10,079,993","10,080,020","10,236,320","10,339,357","10,653,346","10,800,158","11,572,187","11,972,410","12,151,583","11,778,877","12,133,169","11,927,025","12,216,726","12,006,763","12,047,529","11,505,194","11,632,230","11,711,410","11,153,070","10,745,559","11,418,060","11,623,121","11,650,027","12,388,867","12,355,966","12,469,454","12,617,682","12,739,711","13,539,508","13,722,915","12,981,013","13,720,661","13,829,881","14,137,451"
UT,"297,816","295,102","304,207","305,867","328,529","334,068","345,393","339,353","359,857","389,180","390,387","408,040","420,848","450,046","464,636","471,087","501,641","478,962","501,158","516,471","494,529","467,798","454,466","477,021","491,118","488,948","459,147","452,427","517,229","526,248","535,789","564,864","551,440","575,833","586,381","635,710","664,944","678,299","701,774","693,588","740,298","710,796","690,668","701,636","732,464","757,644","775,083","778,099","764,169","736,713","746,590","780,468","777,194","815,970","786,800","789,707","791,464","801,129","821,269","833,570","803,893","822,925","851,390","853,951"
VA,"832,709","834,806","861,694","917,827","945,535","1,018,832","1,089,208","1,105,033","1,164,157","1,198,647","1,241,013","1,281,610","1,334,357","1,392,677","1,334,947","1,310,844","1,397,442","1,450,021","1,470,097","1,523,603","1,485,275","1,469,642","1,446,464","1,498,929","1,580,295","1,619,492","1,700,064","1,797,316","1,877,896","1,909,264","1,947,533","1,953,955","1,982,330","2,056,463","2,081,090","2,146,979","2,185,166","2,186,090","2,224,990","2,286,540","2,392,470","2,322,159","2,345,733","2,414,114","2,540,898","2,616,525","2,555,818","2,616,980","2,514,658","2,396,260","2,498,119","2,378,679","2,319,180","2,390,087","2,445,751","2,407,419","2,385,837","2,363,063","2,454,395","2,422,690","2,239,523","2,388,988","2,449,868","2,435,265"
VT,"66,721","70,058","72,746","72,658","70,042","80,804","88,469","91,481","97,423","102,983","109,479","112,832","119,600","122,307","112,344","110,238","127,498","126,197","130,588","127,700","121,597","116,913","110,606","118,391","128,061","130,508","124,431","133,973","141,384","138,924","120,223","128,363","134,610","132,284","132,305","129,962","135,643","141,458","131,927","131,361","143,500","144,411","143,803","146,619","155,954","154,552","151,182","151,660","140,092","151,042","150,027","145,839","126,929","134,383","137,285","136,341","130,462","129,063","133,191","132,716","112,635","115,518","116,167","113,104"
WA,"765,416","781,340","815,155","856,629","914,648","946,205","1,009,305","1,055,494","1,154,184","1,230,966","1,232,959","1,257,977","1,393,380","1,434,372","1,418,747","1,387,483","1,439,846","1,475,954","1,551,259","1,601,513","1,570,553","1,690,429","1,586,643","1,538,460","1,644,647","1,656,516","1,690,106","1,752,210","1,893,773","1,945,568","1,469,535","1,455,784","1,629,613","1,636,746","1,639,485","1,584,581","1,580,328","1,588,049","1,687,210","1,702,632","1,702,888","1,647,875","1,439,872","1,455,598","1,506,656","1,531,850","1,573,356","1,581,440","1,566,324","1,549,202","1,543,686","1,478,475","1,486,927","1,551,849","1,530,291","1,563,625","1,636,229","1,635,421","1,627,018","1,702,185","1,419,318","1,525,644","1,566,242","1,602,662"
WI,"832,218","854,807","894,005","917,225","950,639","1,003,599","1,065,011","1,106,590","1,153,728","1,214,670","1,255,789","1,257,505","1,252,105","1,318,780","1,301,845","1,301,982","1,335,863","1,408,203","1,464,421","1,432,035","1,427,550","1,386,192","1,362,563","1,374,286","1,440,496","1,459,152","1,381,904","1,368,835","1,478,397","1,478,803","1,468,337","1,505,945","1,505,076","1,567,464","1,614,589","1,677,031","1,736,202","1,741,271","1,734,589","1,825,284","1,861,007","1,835,152","1,869,261","1,849,371","1,872,654","1,940,762","1,849,964","1,884,986","1,874,261","1,741,700","1,783,684","1,767,437","1,710,104","1,804,267","1,852,899","1,784,733","1,765,872","1,782,370","1,861,689","1,812,444","1,660,283","1,721,207","1,762,186","1,656,177"
WV,"600,357","630,635","636,728","671,815","709,893","733,287","752,206","717,477","785,300","772,288","772,652","755,096","804,673","821,736","814,750","765,574","802,869","800,616","785,151","799,019","763,814","745,647","686,216","653,467","691,602","642,175","645,031","660,813","707,825","727,047","696,077","666,303","679,096","702,357","728,995","731,109","702,811","702,526","729,892","713,456","732,445","726,547","751,113","705,288","728,468","731,143","754,206","784,759","770,619","697,144","743,395","729,519","721,739","740,591","771,980","758,971","752,461","742,075","818,371","817,732","786,352","835,873","829,676","832,806"
WY,"140,236","153,279","171,561","161,170","161,238","169,369","176,810","200,843","221,358","245,717","251,486","264,193","282,588","279,112","273,615","271,784","295,007","320,906","348,783","371,915","355,525","346,244","354,790","319,981","341,363","348,098","327,001","356,005","363,842","373,500","397,940","386,520","420,166","405,233","406,194","401,562","412,595","411,936","418,381","422,871","425,392","435,687","436,429","459,188","448,135","453,595","474,497","520,180","533,990","516,461","530,410","543,253","539,195","529,026","524,393","496,831","492,957","522,657","546,375","534,214","483,752","481,123","494,020","499,766"
US,"43,935,276","44,557,699","46,543,126","48,409,682","50,494,169","52,577,565","55,573,431","57,335,511","60,820,699","63,791,447","65,939,114","67,255,613","70,744,691","73,788,463","71,758,674","69,810,078","73,944,199","76,351,470","77,987,575","78,844,092","76,064,555","74,195,857","70,772,226","70,452,934","74,177,235","74,340,863","74,451,441","77,112,925","81,077,213","82,703,379","82,277,974","82,212,657","83,842,847","85,220,279","87,080,163","88,732,046","91,474,194","92,105,715","92,614,839","94,212,808","96,686,060","94,391,208","95,582,476","95,806,580","98,044,608","98,108,764","97,231,383","98,987,749","96,657,598","91,630,574","95,129,103","93,969,435","91,664,394","94,234,417","95,322,209","94,462,877","94,072,893","93,892,854","97,391,985","96,564,778","88,857,658","93,350,300","94,831,564","93,557,489"